id,title,opening_text,text_for_coding,subreddit,topic,notes,original_index
1mnbek2,I think James Gunn is much better at making DC films. The suicide squad is the GOTG formula perfected and his most unchained. Superman is Gunn at his most restrained - fantastic range.,,"I think James Gunn is much better at making DC films. The suicide squad is the GOTG formula perfected and his most unchained. Superman is Gunn at his most restrained - fantastic range.

",DC_Cinematic,film_quality_creative_content_characters,,660
1mp6ip9,Warner Bros. Superman has grossed an estimated $249.4M internationally through Tuesday.  Estimated global total through Tuesday stands at $583.2M.,,"Warner Bros. Superman has grossed an estimated $249.4M internationally through Tuesday.  Estimated global total through Tuesday stands at $583.2M.

",boxoffice,box_office_financial_performance,,158
1m37y2c,James Gunn debunks the 'Wonder Woman' casting rumor,,"James Gunn debunks the 'Wonder Woman' casting rumor

",DC_Cinematic,ip_dcu_franchise_strategy_future,,634
1lw88vs,"International Presale Tracking (July 10). Superman shows strength in Brazil ($1.33M USD Wednesday comp), seems fine for a CBM in The Philippines, Mexico, Brazil, and Denmark, but weak in Germany. Fantastic Four sales are solid in Brazil and Mexico. Demon Slayer begins JP presales on July 13.","**INTERNATIONAL FOR SUPERMAN**

- Charlie Jatinder (Superman: kicks off its intl rollout today with previews at some places, official release tomorrow. Pre-sales range from meh to decent to solid market to market. Expecting $100M+ opening **(July 8)**.)

- [DEADLINE](https://deadline.com/2025/07/superman-box-office-opening-forecast-1236452276/) (‘Superman’, The First Movie In James Gunn & Peter Safran’s Revamped DC Universe, To Fly Around The World To At Least $200M+.","International Presale Tracking (July 10). Superman shows strength in Brazil ($1.33M USD Wednesday comp), seems fine for a CBM in The Philippines, Mexico, Brazil, and Denmark, but weak in Germany. Fantastic Four sales are solid in Brazil and Mexico. Demon Slayer begins JP presales on July 13.

**INTERNATIONAL FOR SUPERMAN**

- Charlie Jatinder (Superman: kicks off its intl rollout today with previews at some places, official release tomorrow. Pre-sales range from meh to decent to solid market to market. Expecting $100M+ opening **(July 8)**.)

- [DEADLINE](https://deadline.com/2025/07/superman-box-office-opening-forecast-1236452276/) (‘Superman’, The First Movie In James Gunn & Peter Safran’s Revamped DC Universe, To Fly Around The World To At Least $200M+.",boxoffice,box_office_financial_performance,,235
1mgevv4,I've just watched Man of Steel for the first time -after Gunn's Superman,"I want to preface with this: I love the new movie. It was a joy to watch. I mention this because there has been an ongoing discourse in some communities that puts fans of these two films against each other and that is not my intention with this post. 

**With that preface done, I have some thoughts.**

I was never a fan of the DCEU except of WW1 and Aquaman.","I've just watched Man of Steel for the first time -after Gunn's Superman

I want to preface with this: I love the new movie. It was a joy to watch. I mention this because there has been an ongoing discourse in some communities that puts fans of these two films against each other and that is not my intention with this post. 

**With that preface done, I have some thoughts.**

I was never a fan of the DCEU except of WW1 and Aquaman.",DC_Cinematic,film_quality_creative_content_characters,,635
1lply5b,Jurassic World Rebirth Korean Audience Score,"CGV Score

* 80 CGV score on 229 reviews
* 79 CGV on 2.3k reviews

Megabox Score

* 7.9 on 55 reviews
* 7.6 on 964 reviews

 Comps

Jurassic World: 86 CGV

Jurassic World Fallen Kingdom: 93 CGV

Jurassic World Dominion: 85 CGV 

  
Pros: The movie does recieve a lot of praise for being a fun popcorn movie where you go see cool dinosaurs fight and chase people. The movie seems to have gotten universal praise for the CGI and the animation of the dinosaurs.","Jurassic World Rebirth Korean Audience Score

CGV Score

* 80 CGV score on 229 reviews
* 79 CGV on 2.3k reviews

Megabox Score

* 7.9 on 55 reviews
* 7.6 on 964 reviews

 Comps

Jurassic World: 86 CGV

Jurassic World Fallen Kingdom: 93 CGV

Jurassic World Dominion: 85 CGV 

  
Pros: The movie does recieve a lot of praise for being a fun popcorn movie where you go see cool dinosaurs fight and chase people. The movie seems to have gotten universal praise for the CGI and the animation of the dinosaurs.",boxoffice,,,361
1m9jaeu,'The Fantastic Four: First Steps' gets an A- Cinemascore,,"'The Fantastic Four: First Steps' gets an A- Cinemascore

",boxoffice,,,390
1m9f6ub,Shawn Robbins on BOT - Fresh estimates (not official) from a studio source for Friday: The Fantastic Four: First Steps $57M (including previews); Superman $6.8M,,"Shawn Robbins on BOT - Fresh estimates (not official) from a studio source for Friday: The Fantastic Four: First Steps $57M (including previews); Superman $6.8M

",boxoffice,,,446
1mbvekt,"Brazil weekend (24-27 july). Fantastic Four pulls the 5th best opening of the year, but gets hit with a surprisingly low IM. Smurfs becomes the highest grossing animated movie released this year.",,"Brazil weekend (24-27 july). Fantastic Four pulls the 5th best opening of the year, but gets hit with a surprisingly low IM. Smurfs becomes the highest grossing animated movie released this year.

",boxoffice,,,554
1m86yhj,'Air Bud Returns': New Movie Sets Theatrical Release in Summer 2026,,"'Air Bud Returns': New Movie Sets Theatrical Release in Summer 2026

",boxoffice,,,90
1m7e018,"‘Sinners’ and ‘Superman’ Are Hits, but Superheroes and Horror Movies Are No Longer Box Office Guarantees",,"‘Sinners’ and ‘Superman’ Are Hits, but Superheroes and Horror Movies Are No Longer Box Office Guarantees

",boxoffice,,,81
1m1lwcx,"Superman opened in France with 576k tickets sold in its first week. It’s lagging behind Man of Steel’s 1M and Superman Returns’ 640k. Black Adam : 713k, The Flash 389k, Aquaman 2 : 553k, Joker 2 : 602k.","Brave New World : 648k, Quantumania : 735k.","Superman opened in France with 576k tickets sold in its first week. It’s lagging behind Man of Steel’s 1M and Superman Returns’ 640k. Black Adam : 713k, The Flash 389k, Aquaman 2 : 553k, Joker 2 : 602k.

Brave New World : 648k, Quantumania : 735k.",boxoffice,,,284
1myy1kb,"Universal's Jurassic World Rebirth grossed an estimated $6.2M internationally this weekend, including $2.4M in Japan (where the film has grossed $25.8M to date).

Estimated international total stands at $508.6M, estimated global total stands at $844.1M.",,"Universal's Jurassic World Rebirth grossed an estimated $6.2M internationally this weekend, including $2.4M in Japan (where the film has grossed $25.8M to date).

Estimated international total stands at $508.6M, estimated global total stands at $844.1M.

",boxoffice,,,353
1lxe7i1,"In China Superman opens 3rd with just $1.88M. $2.37M including previews. Below The Marvels($4.20M), The Flash($3.81M and even Thunderbolts($2.47M). Projected a $8-9M opening weekend. JW Rebirth leads with $2.46M(-62%)/$54.41M. F1 in 4th on course for a $7M+ 3rd WKD after a $1.66M/$29.33M Friday.","https://preview.redd.it/lbqko3fydacf1.png?width=1080&format=png&auto=webp&s=e4c151cde6c38975016fd91982d8a5a0969857d4

---

#**Daily Box Office(July 11th 2025)**

The market hits ¥75M/$10.5M which is up +25% from yesterday and down -21% from last week.


---

**Province map of the day:** 

JW takes back some ground as Superman is MIA. 

https://imgsli.com/Mzk3MTky

**In Metropolitan cities:** 

Jurassic World wins Guangzhou,Chongqing, Chengdu,  Nanjing and Suzhou","In China Superman opens 3rd with just $1.88M. $2.37M including previews. Below The Marvels($4.20M), The Flash($3.81M and even Thunderbolts($2.47M). Projected a $8-9M opening weekend. JW Rebirth leads with $2.46M(-62%)/$54.41M. F1 in 4th on course for a $7M+ 3rd WKD after a $1.66M/$29.33M Friday.

https://preview.redd.it/lbqko3fydacf1.png?width=1080&format=png&auto=webp&s=e4c151cde6c38975016fd91982d8a5a0969857d4

---

#**Daily Box Office(July 11th 2025)**

The market hits ¥75M/$10.5M which is up +25% from yesterday and down -21% from last week.


---

**Province map of the day:** 

JW takes back some ground as Superman is MIA. 

https://imgsli.com/Mzk3MTky

**In Metropolitan cities:** 

Jurassic World wins Guangzhou,Chongqing, Chengdu,  Nanjing and Suzhou",boxoffice,,,220
1lx1bd0,JURASSIC WORLD:REBIRTH takes back the top spot in France,"On its second day of release, Superman drop second in France

Jurassic World:Rebirth top the charts on its 6th day","JURASSIC WORLD:REBIRTH takes back the top spot in France

On its second day of release, Superman drop second in France

Jurassic World:Rebirth top the charts on its 6th day",boxoffice,,,210
1lrubj7,"Julian McMahon Dies: ‘Nip/Tuck’, ‘Fantastic Four’, ‘FBI: Most Wanted’ Star Was 56",,"Julian McMahon Dies: ‘Nip/Tuck’, ‘Fantastic Four’, ‘FBI: Most Wanted’ Star Was 56

",movies,,,63
1mtprjl,Empty Theatre,"So I'm going to watch Fantastic Four tomorrow, and so far there has been only 1 seat booked except me
I'm worried if they will cancel the show or not?I'm buying in advance but don't wanna waste my money if it gets cancelled. I know it's been late but really wanted to enjoy this film in theatres for the first time, can't wait long for OTT.

Asking cause I will have to travel for 1.5 hours since all the nearby theatres have stopped showing the screenings. Please help","Empty Theatre

So I'm going to watch Fantastic Four tomorrow, and so far there has been only 1 seat booked except me
I'm worried if they will cancel the show or not?I'm buying in advance but don't wanna waste my money if it gets cancelled. I know it's been late but really wanted to enjoy this film in theatres for the first time, can't wait long for OTT.

Asking cause I will have to travel for 1.5 hours since all the nearby theatres have stopped showing the screenings. Please help",movies,,,54
1mgmnv1,"Disney's The Fantastic Four: First Steps has grossed an estimated $43.9M from global IMAX screens through Sunday. IMAX Totals: Domestic - $26.3M, International - $17.6M.",,"Disney's The Fantastic Four: First Steps has grossed an estimated $43.9M from global IMAX screens through Sunday. IMAX Totals: Domestic - $26.3M, International - $17.6M.

",boxoffice,,,462
1lyl65q,Italy Saturday: Jurassic World returns to #1 on day 4 of Superman,,"Italy Saturday: Jurassic World returns to #1 on day 4 of Superman

",boxoffice,,,213
1mvjl4g,"Warner Bros.'s Superman grossed an estimated $865K on Tuesday (from 2,655 locations).  Estimated total domestic gross stands at $342.36M.",,"Warner Bros.'s Superman grossed an estimated $865K on Tuesday (from 2,655 locations).  Estimated total domestic gross stands at $342.36M.

",boxoffice,,,155
1mudf1j,"While Dune, Monsterverse, Minecraft, Animal Friends, & Alejandro G. Iñárritu's Untitled Movie Remain At Warner Bros., The 2026 Release For Legendary's Street Fighter Reboot Film, Currently In Production, Can Be Snatched Away From Sony To Paramount If Skydance Does Land New Global Distribution Deal.",,"While Dune, Monsterverse, Minecraft, Animal Friends, & Alejandro G. Iñárritu's Untitled Movie Remain At Warner Bros., The 2026 Release For Legendary's Street Fighter Reboot Film, Currently In Production, Can Be Snatched Away From Sony To Paramount If Skydance Does Land New Global Distribution Deal.

",boxoffice,,,109
1mp8eyr,'Nobody 2' Review Thread,"I will continue to update this post as reviews come in.

[**Rotten Tomatoes:**](https://www.rottentomatoes.com/m/nobody_2) Certified Fresh

**Critics Consensus:** While frumpy action-hero Hutch Mansell tries to enjoy a nice vacation, Bob Odenkirk works overtime to make *Nobody 2* a diverting sequel that measures up admirably to the original.

|Critics|Score|**Number of Reviews**|Average Rating (Unofficial)|
|:-|:-|:-|:-|
|**All Critics**|76%|139|6.20/10|
|**Top Critics**|58%|33|5.","'Nobody 2' Review Thread

I will continue to update this post as reviews come in.

[**Rotten Tomatoes:**](https://www.rottentomatoes.com/m/nobody_2) Certified Fresh

**Critics Consensus:** While frumpy action-hero Hutch Mansell tries to enjoy a nice vacation, Bob Odenkirk works overtime to make *Nobody 2* a diverting sequel that measures up admirably to the original.

|Critics|Score|**Number of Reviews**|Average Rating (Unofficial)|
|:-|:-|:-|:-|
|**All Critics**|76%|139|6.20/10|
|**Top Critics**|58%|33|5.",boxoffice,,,507
1my366f,"Disney's The Fantastic Four: First Steps grossed an estimated $1.60M on Friday (from 3,190 locations), which was a 36% decrease from the previous Friday. Total domestic gross stands at $252.95M.",,"Disney's The Fantastic Four: First Steps grossed an estimated $1.60M on Friday (from 3,190 locations), which was a 36% decrease from the previous Friday. Total domestic gross stands at $252.95M.

",boxoffice,,,436
1me4isa,Brazil: Fantastic Four finished its first week with R$36.5M. Superman will pass R$80M today.,,"Brazil: Fantastic Four finished its first week with R$36.5M. Superman will pass R$80M today.

",boxoffice,,,473
1m1aao0,"If Fantastic Four underperforms/flops internationally like Superman, what does it mean for Supergirl or Clayface? Should Warner Bros worry about it?","Here’s something I’ve been thinking about: If Marvel’s *Fantastic Four* ends up underperforming internationally in the same way or worst than DC’s *Superman* is struggling right now, then what should we realistically expect for *Supergirl or Clayface*? Because let’s be honest: *Fantastic Four* has way more name recognition and general public awareness than *Supergirl*, since FF has been around forever, it’s part of the Marvel brand, and even with past failed movies, most casual viewers (the so-c","If Fantastic Four underperforms/flops internationally like Superman, what does it mean for Supergirl or Clayface? Should Warner Bros worry about it?

Here’s something I’ve been thinking about: If Marvel’s *Fantastic Four* ends up underperforming internationally in the same way or worst than DC’s *Superman* is struggling right now, then what should we realistically expect for *Supergirl or Clayface*? Because let’s be honest: *Fantastic Four* has way more name recognition and general public awareness than *Supergirl*, since FF has been around forever, it’s part of the Marvel brand, and even with past failed movies, most casual viewers (the so-c",boxoffice,,,538
1lvlxbc,James Gunn’s Superman is now Verified Hot with a 96% audience score on Rotten Tomatoes!,,"James Gunn’s Superman is now Verified Hot with a 96% audience score on Rotten Tomatoes!

",DC_Cinematic,,,637
1mbl7w2,"Universal's Jurassic World Rebirth grossed $24.8M internationally this weekend. International total stands at $418.2M, global total stands at $719.9M.",,"Universal's Jurassic World Rebirth grossed $24.8M internationally this weekend. International total stands at $418.2M, global total stands at $719.9M.

",boxoffice,,,333
1m5pls6,"Jurassic World Rebirth finished its 3rd weekend above estimates: Domestic - $23.7M/$276.5M; International - $41.7M/$373.3M; Global - $65.4M/$649.8M. Crossed $650M today & will surpass $700M and $800M too. Opens in Japan on August 8, where Jurassic World Dominion did $47M.",,"Jurassic World Rebirth finished its 3rd weekend above estimates: Domestic - $23.7M/$276.5M; International - $41.7M/$373.3M; Global - $65.4M/$649.8M. Crossed $650M today & will surpass $700M and $800M too. Opens in Japan on August 8, where Jurassic World Dominion did $47M.

",boxoffice,,,338
1lwca59,"It's Not Just IP: Scarlett Johansson's Box Office Win Proves Movie Stars Still Matter - The success of “Jurassic World Rebirth,” “A Minecraft Movie” and “F1” run counter to the notion that movie stars are dead.",,"It's Not Just IP: Scarlett Johansson's Box Office Win Proves Movie Stars Still Matter - The success of “Jurassic World Rebirth,” “A Minecraft Movie” and “F1” run counter to the notion that movie stars are dead.

",boxoffice,,,302
1mj4xdj,"Disney Boss Bob Iger Says ‘Creating New IP’ Is of ‘Great Value’ but There’s No ‘Priority’ Among Sequels, Remakes and Originals: Just ‘Great Movies’",,"Disney Boss Bob Iger Says ‘Creating New IP’ Is of ‘Great Value’ but There’s No ‘Priority’ Among Sequels, Remakes and Originals: Just ‘Great Movies’

",boxoffice,,,76
1m34ewm,$1M CLUB: THURSDAY 1. SUPERMAN ($11M) 2. JURASSIC WORLD: REBIRTH ($4.3M) 3. F1 ($1.7M) 4. HOW TO TRAIN YOUR DRAGON ($1.2M) 4. JUJUTSU KAISEN ($1.2M),,"$1M CLUB: THURSDAY 1. SUPERMAN ($11M) 2. JURASSIC WORLD: REBIRTH ($4.3M) 3. F1 ($1.7M) 4. HOW TO TRAIN YOUR DRAGON ($1.2M) 4. JUJUTSU KAISEN ($1.2M)

",boxoffice,,,296
1mgq3q9,In China Dead To Rights scores a fantastic $84.86M(+93%)/$211.05M 2nd weekend. Nobody in 2nd opens with a strong $18.50M after a fantastic $8.56M Sunday. The Stage in 3rd adds $10.49M(-29%)/$46.23M. Fantastic Four crashes to 13th with $0.32M(-93%)/$5.46M. 731 confirmed for a September 18th release.,"https://preview.redd.it/tu0w2k05hugf1.png?width=3140&format=png&auto=webp&s=c284e146964fa6393dabc5747e48a9dce38e4ce7

---

#**Weekend Box Office (August 1st-3rd)**

**[Dead To Rights](https://vod.pipi.cn/fec9203cvodtransbj1251246104/e583f75e5145403692378081331/v.f42905.mp4)** posts an incredible $84.86M 2nd weekend. Up a fantastic +93% from its opening weekend last week

**[Nobody](https://vod.pipi.cn/fec9203cvodtransbj1251246104/8dbfd8ee5145403693434933977/v.f42905.","In China Dead To Rights scores a fantastic $84.86M(+93%)/$211.05M 2nd weekend. Nobody in 2nd opens with a strong $18.50M after a fantastic $8.56M Sunday. The Stage in 3rd adds $10.49M(-29%)/$46.23M. Fantastic Four crashes to 13th with $0.32M(-93%)/$5.46M. 731 confirmed for a September 18th release.

https://preview.redd.it/tu0w2k05hugf1.png?width=3140&format=png&auto=webp&s=c284e146964fa6393dabc5747e48a9dce38e4ce7

---

#**Weekend Box Office (August 1st-3rd)**

**[Dead To Rights](https://vod.pipi.cn/fec9203cvodtransbj1251246104/e583f75e5145403692378081331/v.f42905.mp4)** posts an incredible $84.86M 2nd weekend. Up a fantastic +93% from its opening weekend last week

**[Nobody](https://vod.pipi.cn/fec9203cvodtransbj1251246104/8dbfd8ee5145403693434933977/v.f42905.",boxoffice,,,550
1m9vw7s,"Per Deadline, the updated PostTrak score for 'The Fantastic Four: First Steps' is 72% definite recommend. The audience was 34% Caucasian, 31% Hispanic/Latino, 19% Black, and 11% Asian.",,"Per Deadline, the updated PostTrak score for 'The Fantastic Four: First Steps' is 72% definite recommend. The audience was 34% Caucasian, 31% Hispanic/Latino, 19% Black, and 11% Asian.

",boxoffice,,,468
1mjye7c,‘The Batman Part II’ To Start Filming In Spring; WBD CEO David Zaslav Confirms James Gunn Writing Next Movie In “Super Family”,,"‘The Batman Part II’ To Start Filming In Spring; WBD CEO David Zaslav Confirms James Gunn Writing Next Movie In “Super Family”

",boxoffice,,,135
1m4t4fw,'Superman' Secrets Revealed: The James Gunn Spoiler Interview (with thoughts on overseas box office),,"'Superman' Secrets Revealed: The James Gunn Spoiler Interview (with thoughts on overseas box office)

",boxoffice,,,136
1ml6h0d,New ‘Final Destination’ Movie in the Works with ‘Bloodlines’ Co-Writer,,"New ‘Final Destination’ Movie in the Works with ‘Bloodlines’ Co-Writer

",boxoffice,,,101
1mb8ror,"‘The Fantastic Four: First Steps’ Breaks A Box Office Curse-The 5th Adaptation Effort For Big Screen, Costs At Least $300M To Make & Market Worldwide, Was Marvel Studios’ First Original Breakout Hit In 6 Years. Film Consultant David Gross Says It's “The New Normal” With Pullback In Superhero Movies.",,"‘The Fantastic Four: First Steps’ Breaks A Box Office Curse-The 5th Adaptation Effort For Big Screen, Costs At Least $300M To Make & Market Worldwide, Was Marvel Studios’ First Original Breakout Hit In 6 Years. Film Consultant David Gross Says It's “The New Normal” With Pullback In Superhero Movies.

",boxoffice,,,72
1mj5izx,Box Office: ‘Freakier Friday’ ($27-30M) and ‘Weapons’ ($25-30M) Battle for First Place Over ‘Fantastic Four’ ($18-20M),,"Box Office: ‘Freakier Friday’ ($27-30M) and ‘Weapons’ ($25-30M) Battle for First Place Over ‘Fantastic Four’ ($18-20M)

",boxoffice,,,443
1lux4kl,'Superman' - Review Thread,"[**Rotten Tomatoes:**](https://www.rottentomatoes.com/m/superman_2025) **82% (282 Reviews) -**  ***Certified Fresh***

* **Critics Consensus**: Pulling off the heroic feat of fleshing out a dynamic new world while putting its champion's big, beating heart front and center, this Superman flies high as a Man of Tomorrow grounded in the here and now.
* **PopcornMeter: 95% (2500+ ratings)**

[**Metacritic**:](https://www.metacritic.","'Superman' - Review Thread

[**Rotten Tomatoes:**](https://www.rottentomatoes.com/m/superman_2025) **82% (282 Reviews) -**  ***Certified Fresh***

* **Critics Consensus**: Pulling off the heroic feat of fleshing out a dynamic new world while putting its champion's big, beating heart front and center, this Superman flies high as a Man of Tomorrow grounded in the here and now.
* **PopcornMeter: 95% (2500+ ratings)**

[**Metacritic**:](https://www.metacritic.",movies,,,10
1mz4viv,Hot take : I liked Hawk Girl’s screech and killing the prime minister and I hope cry babies don’t make James Gunn change his original vision just to appease them,"Some already think that Superman is just an answer to the all criticisms Man Of Steel got right down to online detractors being depicted as online hate fueled monkeys 

Please don’t go changing the script because people on Reddit cry. 

I’m a huge MOS fan and even I can say that Superman was perfect.

Hawk girl was menacing and kinda scary and she 100% should be the one to kill so please don’t go back or regret any of your decisions","Hot take : I liked Hawk Girl’s screech and killing the prime minister and I hope cry babies don’t make James Gunn change his original vision just to appease them

Some already think that Superman is just an answer to the all criticisms Man Of Steel got right down to online detractors being depicted as online hate fueled monkeys 

Please don’t go changing the script because people on Reddit cry. 

I’m a huge MOS fan and even I can say that Superman was perfect.

Hawk girl was menacing and kinda scary and she 100% should be the one to kill so please don’t go back or regret any of your decisions",DC_Cinematic,,,654
1m1haqc,"A New Day for DC: Breaking Down ‘Superman’ Salaries, Budgets and More as Studio Fast-Tracks ‘Wonder Woman’ and Its Future",,"A New Day for DC: Breaking Down ‘Superman’ Salaries, Budgets and More as Studio Fast-Tracks ‘Wonder Woman’ and Its Future

",DC_Cinematic,,,575
1lt59ca,Dino Might!: ‘Jurassic World Rebirth’ Bows To $318.3M Global; Biggest Studio Opening Year-To-Date WW – International Box Office,,"Dino Might!: ‘Jurassic World Rebirth’ Bows To $318.3M Global; Biggest Studio Opening Year-To-Date WW – International Box Office

",boxoffice,,,318
1mek9va,"Official Discussion Megathread (The Naked Gun / The Bad Guys 2 / Oh, Hi!) Plus Throwback discussions","**New In Theaters**:

* [The Naked Gun](https://old.reddit.com/r/movies/comments/1mek6y9/official_discussion_the_naked_gun_spoilers/?)
* [The Bad Guys 2](https://old.reddit.com/r/movies/comments/1mek6zd/official_discussion_the_bad_guys_2_spoilers/?)
* [Oh, Hi!](https://old.reddit.com/r/movies/comments/1mek716/official_discussion_oh_hi_spoilers/?)

**25th Anniversary Throwback Discussion Threads**:

* [The Nutty Professor II: The Klumps](https://old.reddit.","Official Discussion Megathread (The Naked Gun / The Bad Guys 2 / Oh, Hi!) Plus Throwback discussions

**New In Theaters**:

* [The Naked Gun](https://old.reddit.com/r/movies/comments/1mek6y9/official_discussion_the_naked_gun_spoilers/?)
* [The Bad Guys 2](https://old.reddit.com/r/movies/comments/1mek6zd/official_discussion_the_bad_guys_2_spoilers/?)
* [Oh, Hi!](https://old.reddit.com/r/movies/comments/1mek716/official_discussion_oh_hi_spoilers/?)

**25th Anniversary Throwback Discussion Threads**:

* [The Nutty Professor II: The Klumps](https://old.reddit.",movies,,,31
1ly6cow,"Superman  starts w/ $56.5M from Friday & all previews domestically. Should land around $120-125M for the weekend, barring anything abnormal. Saturday's hold will tell us more, but likely won't deviate significantly.",,"Superman  starts w/ $56.5M from Friday & all previews domestically. Should land around $120-125M for the weekend, barring anything abnormal. Saturday's hold will tell us more, but likely won't deviate significantly.

",boxoffice,,,192
1mibp4r,Fantastic Four Drops Big in Week 2 - Charts with Dan!,,"Fantastic Four Drops Big in Week 2 - Charts with Dan!

",boxoffice,,,532
1luvm0a,In China Jurrassic World Rebirth grossed $2.65M/$47.26M on its 1st Tuesday. F1 in 3rd added $1.43M(-16%)/$24.92M followed by Detective Conan 2025 which became the highest grossing movie in the franchise in China after adding $1.11M(-53)/$41.30M. Superman projected a $2-2.5M opening on Friday.,"https://preview.redd.it/sna6bcskvobf1.png?width=3251&format=png&auto=webp&s=75948cd10d6033588c6b1a2b920c26770817babb

---

#**Daily Box Office(July 8th 2025)**

The market hits ¥60.7M/$8.4M down -7% from yesterday and up +1% from last week.

New trailers for **[Curious Tales of a Temple](https://vod.pipi.cn/fec9203cvodtransbj1251246104/eb83a9c05145403691266292631/v.f42905.mp4)** and **[Dongji Island](https://vod.pipi.cn/fec9203cvodtransbj1251246104/abd951835145403691319377343/v.","In China Jurrassic World Rebirth grossed $2.65M/$47.26M on its 1st Tuesday. F1 in 3rd added $1.43M(-16%)/$24.92M followed by Detective Conan 2025 which became the highest grossing movie in the franchise in China after adding $1.11M(-53)/$41.30M. Superman projected a $2-2.5M opening on Friday.

https://preview.redd.it/sna6bcskvobf1.png?width=3251&format=png&auto=webp&s=75948cd10d6033588c6b1a2b920c26770817babb

---

#**Daily Box Office(July 8th 2025)**

The market hits ¥60.7M/$8.4M down -7% from yesterday and up +1% from last week.

New trailers for **[Curious Tales of a Temple](https://vod.pipi.cn/fec9203cvodtransbj1251246104/eb83a9c05145403691266292631/v.f42905.mp4)** and **[Dongji Island](https://vod.pipi.cn/fec9203cvodtransbj1251246104/abd951835145403691319377343/v.",boxoffice,,,199
1mofumf,"Disney’s Fantastic Four: First Steps grossed $1.75M on Monday (from 3,600 locations).  Total domestic gross stands at $232.45M.",,"Disney’s Fantastic Four: First Steps grossed $1.75M on Monday (from 3,600 locations).  Total domestic gross stands at $232.45M.

",boxoffice,,,399
1md5yuz,'The Naked Gun' Review Thread,"I will continue to update this post as reviews come in.

[**Rotten Tomatoes:**](https://www.rottentomatoes.com/m/the_naked_gun_2025) Certified Fresh

**Critics Consensus:** With Liam Neeson's gravelly gravitas proving to be a perfect fit for Frank Drebin's deadpan buffoonery, *The Naked Gun* revives the original trilogy's daffy sense of humor like it never went out of style.

|Critics|Score|**Number of Reviews**|Average Rating (Unofficial)|
|:-|:-|:-|:-|
|**All Critics**|91%|212|7.","'The Naked Gun' Review Thread

I will continue to update this post as reviews come in.

[**Rotten Tomatoes:**](https://www.rottentomatoes.com/m/the_naked_gun_2025) Certified Fresh

**Critics Consensus:** With Liam Neeson's gravelly gravitas proving to be a perfect fit for Frank Drebin's deadpan buffoonery, *The Naked Gun* revives the original trilogy's daffy sense of humor like it never went out of style.

|Critics|Score|**Number of Reviews**|Average Rating (Unofficial)|
|:-|:-|:-|:-|
|**All Critics**|91%|212|7.",boxoffice,,,118
1m8ezeh,Ranking movies I've seen in theaters this year,"1. Mission Impossible: The Final Reckoning 

2. 28 Years Later

3. The Fantastic Four: First Steps

4. Superman

5. Thunderbolts*

6. Jurassic World: Rebirth

7. Captain America: Brave New World


Do you agree or disagree? 

Coming up: 
The Naked Gun
The Conjuring: Last Rites
Avatar: Fire And Ash

Many movies this year. It's a good thing I get free tickets from work.","Ranking movies I've seen in theaters this year

1. Mission Impossible: The Final Reckoning 

2. 28 Years Later

3. The Fantastic Four: First Steps

4. Superman

5. Thunderbolts*

6. Jurassic World: Rebirth

7. Captain America: Brave New World


Do you agree or disagree? 

Coming up: 
The Naked Gun
The Conjuring: Last Rites
Avatar: Fire And Ash

Many movies this year. It's a good thing I get free tickets from work.",movies,,,55
1mep9w5,"At least F4 is doing good in Italy, crossed superman’s total so far in a week.",Very decent drop as well.,"At least F4 is doing good in Italy, crossed superman’s total so far in a week.

Very decent drop as well.",boxoffice,,,256
1mgfwxd,James Gunn fired a dude for messing with his script/scene 🤣,,"James Gunn fired a dude for messing with his script/scene 🤣

",DC_Cinematic,,,611
1lwymkj,"EmpireCity: Good start for Superman , could be as high as $22m+ inclusive of all previews.  Friday sales solid, key will be Saturday/Sunday holds based on general public WOM and right now looking at a $120m-$130m weekend. The winning streak for warnerbros continues.",,"EmpireCity: Good start for Superman , could be as high as $22m+ inclusive of all previews.  Friday sales solid, key will be Saturday/Sunday holds based on general public WOM and right now looking at a $120m-$130m weekend. The winning streak for warnerbros continues.

",boxoffice,,,204
1m3kn35,"It looks like a $55m-$57m weekend for Superman and a 55% drop, very solid. Jurassic World with a 45% drop and F1 Movie with a super impressive 25% drop possible. An excellent Fantastic Four coming next week and 5 more good films right after. Box office is cooking into August.",,"It looks like a $55m-$57m weekend for Superman and a 55% drop, very solid. Jurassic World with a 45% drop and F1 Movie with a super impressive 25% drop possible. An excellent Fantastic Four coming next week and 5 more good films right after. Box office is cooking into August.

",boxoffice,,,77
1mw1sar,"James Gunn says his next DCU movie takes place ""within the group of characters we’ve already met and Superman is an important element""",SOURCE: [https://deadline.com/2025/08/peacemaker-season-2-james-gunn-interview-1236493582/](https://deadline.com/2025/08/peacemaker-season-2-james-gunn-interview-1236493582/) (VIA [https://x.com/DiscussingFilm/status/1958355665820492190](https://x.com/DiscussingFilm/status/1958355665820492190)),"James Gunn says his next DCU movie takes place ""within the group of characters we’ve already met and Superman is an important element""

SOURCE: [https://deadline.com/2025/08/peacemaker-season-2-james-gunn-interview-1236493582/](https://deadline.com/2025/08/peacemaker-season-2-james-gunn-interview-1236493582/) (VIA [https://x.com/DiscussingFilm/status/1958355665820492190](https://x.com/DiscussingFilm/status/1958355665820492190))",DC_Cinematic,,,567
1mptk0u,"James Gunn Says He's Already Finished Writing The Story Treatment For His Next Movie In The DCU's ‘Superman Saga’: “The Treatment Is Done, Which Means A Very, Worked Out Treatment. I’m Working On That & Hopefully Going Into Production On That Not Too Far Away From Today.”",,"James Gunn Says He's Already Finished Writing The Story Treatment For His Next Movie In The DCU's ‘Superman Saga’: “The Treatment Is Done, Which Means A Very, Worked Out Treatment. I’m Working On That & Hopefully Going Into Production On That Not Too Far Away From Today.”

",boxoffice,,,78
1m5n2s6,James Gunn shares 'Superman' set photo of himself with Sara Sampaio to celebrate her birthday today,SOURCE: [https://x.com/JamesGunn/status/1947304984984391826](https://x.com/JamesGunn/status/1947304984984391826),"James Gunn shares 'Superman' set photo of himself with Sara Sampaio to celebrate her birthday today

SOURCE: [https://x.com/JamesGunn/status/1947304984984391826](https://x.com/JamesGunn/status/1947304984984391826)",DC_Cinematic,,,636
1mj6oz2,"$1M CLUB: DISCOUNT TUESDAY

1. F4 ($6.3M)
2. BAD GUYS 2 ($4M)
3. NAKED GUN ($2.7M)
4. SUPERMAN ($2.3M)
5.JURASSIC WORKD REBIRTH ($1.5M)
6. TOGETHER ($1.2M)",,"$1M CLUB: DISCOUNT TUESDAY

1. F4 ($6.3M)
2. BAD GUYS 2 ($4M)
3. NAKED GUN ($2.7M)
4. SUPERMAN ($2.3M)
5.JURASSIC WORKD REBIRTH ($1.5M)
6. TOGETHER ($1.2M)

",boxoffice,,,304
1lxfy75,Thursday Box Office (Domestic),,"Thursday Box Office (Domestic)

",boxoffice,,,227
1mas1iq,"Per Box Office Pro, updated PostTrak scores for 'The Fantastic Four: First Steps' are 4.5 stars and 86% positive.",,"Per Box Office Pro, updated PostTrak scores for 'The Fantastic Four: First Steps' are 4.5 stars and 86% positive.

",boxoffice,,,447
1lzq7im,"With an updated gross of $73.0M, 'F1' has earned the highest reported global IMAX gross for a Hollywood release in 2025, ahead of 'Mission: Impossible - The Final Reckoning' ($69.1M). Superman debuted with $30.4M in global IMAX grosses, already ranking 4th for 2025 among reported grosses.","IMAX grosses are reported inconsistently, usually only on weekends, so there's no account for what each film grossed for the last Monday-Thursday period after its last reported IMAX gross on the last Sunday.

Captain America: Brave New World and Mission: Impossible: The Final Reckoning played for 3 weeks in IMAX, while Sinners received a extra week of IMAX 70MM; conversely, Final Destination: Bloodlines only got 1 week.","With an updated gross of $73.0M, 'F1' has earned the highest reported global IMAX gross for a Hollywood release in 2025, ahead of 'Mission: Impossible - The Final Reckoning' ($69.1M). Superman debuted with $30.4M in global IMAX grosses, already ranking 4th for 2025 among reported grosses.

IMAX grosses are reported inconsistently, usually only on weekends, so there's no account for what each film grossed for the last Monday-Thursday period after its last reported IMAX gross on the last Sunday.

Captain America: Brave New World and Mission: Impossible: The Final Reckoning played for 3 weeks in IMAX, while Sinners received a extra week of IMAX 70MM; conversely, Final Destination: Bloodlines only got 1 week.",boxoffice,,,181
1lp2qfq,The DCEU-Gone Wrong From The Beginning?,"We’re in July! Which means in a week, James Gunn’s Superman Releases which will kick off a new DC Cinematic Universe. Though let’s take a look back at the DCEU and how it all went wrong from seemingly the beginning.

After The MCU kicked off big in the late 2000s and early 2010s, Warner Bros also wanted a piece of that pie with thier own cinematic universe with the DC Characters. Thus creating the DC Extended Universe. It ran for 10 years from 2013-2023 and had 15 theatrical films.","The DCEU-Gone Wrong From The Beginning?

We’re in July! Which means in a week, James Gunn’s Superman Releases which will kick off a new DC Cinematic Universe. Though let’s take a look back at the DCEU and how it all went wrong from seemingly the beginning.

After The MCU kicked off big in the late 2000s and early 2010s, Warner Bros also wanted a piece of that pie with thier own cinematic universe with the DC Characters. Thus creating the DC Extended Universe. It ran for 10 years from 2013-2023 and had 15 theatrical films.",boxoffice,,,164
1lsv3ny,There hasn’t been a more stressful release for Warner Bros. this decade than Superman.,"With any movie they’ve released this decade or new IPs like Dune, Barbie, The Batman, or the Monsterverse, those could have failed but the studio would still move forward. But Superman is not the case. This isn’t just James Gunn’s project — it’s Warner Bros.’ whole project. There’s a lot at stake.

Zaslav was the one who brought Gunn in to launch this new cinematic universe after the previous one failed.","There hasn’t been a more stressful release for Warner Bros. this decade than Superman.

With any movie they’ve released this decade or new IPs like Dune, Barbie, The Batman, or the Monsterverse, those could have failed but the studio would still move forward. But Superman is not the case. This isn’t just James Gunn’s project — it’s Warner Bros.’ whole project. There’s a lot at stake.

Zaslav was the one who brought Gunn in to launch this new cinematic universe after the previous one failed.",boxoffice,,,120
1mjyk7c,James Gunn to Direct ‘Next Movie in the Super-Family’ at DC Studios After ‘Superman’ Success,,"James Gunn to Direct ‘Next Movie in the Super-Family’ at DC Studios After ‘Superman’ Success

",movies,,,2
1m9aeg6,Question: is Anti-American sentiment a culprit for some of the films today underperforming in foreign markets? especially Asia?,"It's been thrown around that anti-American sentiment is behind Hollywood underperforming in many markets; specially for Superman and is hinted at again now for Fantastic Four's softness in Asia.

This is no longer a line thrown around in between comments on this sub-Reddit; James Gunn is on [record ](https://www.rollingstone.com/tv-movies/tv-movie-features/superman-ending-explained-james-gunn-spoiler-interview-1235389024/)now chalking up Superman's international weakness to anti-American senti","Question: is Anti-American sentiment a culprit for some of the films today underperforming in foreign markets? especially Asia?

It's been thrown around that anti-American sentiment is behind Hollywood underperforming in many markets; specially for Superman and is hinted at again now for Fantastic Four's softness in Asia.

This is no longer a line thrown around in between comments on this sub-Reddit; James Gunn is on [record ](https://www.rollingstone.com/tv-movies/tv-movie-features/superman-ending-explained-james-gunn-spoiler-interview-1235389024/)now chalking up Superman's international weakness to anti-American senti",boxoffice,,,165
1lu0fxm,"New 'Superman' TV spot: ""You have a flying saucer but you couldn't get a faster garage door?""",SOURCE: [https://x.com/Superman/status/1942267368518156540](https://x.com/Superman/status/1942267368518156540),"New 'Superman' TV spot: ""You have a flying saucer but you couldn't get a faster garage door?""

SOURCE: [https://x.com/Superman/status/1942267368518156540](https://x.com/Superman/status/1942267368518156540)",DC_Cinematic,,,601
1mdgjmm,James Gunn teasing Martian Manhunter in the DCU,,"James Gunn teasing Martian Manhunter in the DCU

",DC_Cinematic,,,662
1msngnj,I kinda liked the movie tho,,"I kinda liked the movie tho

",DC_Cinematic,,,580
1lqf6su,'Jurassic World Rebirth' gets a B on CinemaScore,,"'Jurassic World Rebirth' gets a B on CinemaScore

",boxoffice,,,286
1mwud9x,Official Discussion Megathread (Honey Don't! / Relay / Eden / Primitive War / Ne Zha II) plus throwback discussions,"**New In Theaters**:

* [Honey Don't!](https://www.reddit.com/r/movies/comments/1mwu2vw/official_discussion_honey_dont_spoilers/?)
* [Relay](https://www.reddit.com/r/movies/comments/1mwu2z0/official_discussion_relay_spoilers/?)
* [Eden](https://www.reddit.com/r/movies/comments/1mwu328/official_discussion_eden_spoilers/?)
* [Primitive War](https://www.reddit.com/r/movies/comments/1mwu35t/official_discussion_primitive_war_spoilers/?)
* [Ne Zha II](https://www.reddit.","Official Discussion Megathread (Honey Don't! / Relay / Eden / Primitive War / Ne Zha II) plus throwback discussions

**New In Theaters**:

* [Honey Don't!](https://www.reddit.com/r/movies/comments/1mwu2vw/official_discussion_honey_dont_spoilers/?)
* [Relay](https://www.reddit.com/r/movies/comments/1mwu2z0/official_discussion_relay_spoilers/?)
* [Eden](https://www.reddit.com/r/movies/comments/1mwu328/official_discussion_eden_spoilers/?)
* [Primitive War](https://www.reddit.com/r/movies/comments/1mwu35t/official_discussion_primitive_war_spoilers/?)
* [Ne Zha II](https://www.reddit.",movies,,,60
1mqc4si,James Gunn Says ‘Superman’ Is Getting Digital Release So Quickly Because of ‘Peacemaker’ Season 2; Blockbuster Hits PVOD After Just Over a Month in Theaters,,"James Gunn Says ‘Superman’ Is Getting Digital Release So Quickly Because of ‘Peacemaker’ Season 2; Blockbuster Hits PVOD After Just Over a Month in Theaters

",boxoffice,,,133
1m9hmbk,"Official Discussion Megathread (The Fantastic Four: First Steps / Sorry, Baby / Happy Gilmore 2)","**New In Theaters**:

* [Together](https://old.reddit.com/r/movies/comments/1mcudby/official_discussion_together_spoilers/?]
* [The Fantastic Four: First Steps](https://old.reddit.com/r/movies/comments/1m8n0ic/official_discussion_the_fantastic_four_first/?)
* [Sorry, Baby](https://old.reddit.com/r/movies/comments/1m8n0k6/official_discussion_sorry_baby_spoilers/?)
* [Happy Gilmore 2](https://old.reddit.com/r/movies/comments/1m9hjw9/official_discussion_happy_gilmore_2_spoilers/?)","Official Discussion Megathread (The Fantastic Four: First Steps / Sorry, Baby / Happy Gilmore 2)

**New In Theaters**:

* [Together](https://old.reddit.com/r/movies/comments/1mcudby/official_discussion_together_spoilers/?]
* [The Fantastic Four: First Steps](https://old.reddit.com/r/movies/comments/1m8n0ic/official_discussion_the_fantastic_four_first/?)
* [Sorry, Baby](https://old.reddit.com/r/movies/comments/1m8n0k6/official_discussion_sorry_baby_spoilers/?)
* [Happy Gilmore 2](https://old.reddit.com/r/movies/comments/1m9hjw9/official_discussion_happy_gilmore_2_spoilers/?)",movies,,,30
1m35nva,"#Superman STILL showing great weekday legs with powerful $10.9M THU, off 7% vs WED, finishing full 7-day opening week at $177.7M. 2nd wknd of around $60M looks very possible which would be 52% drop. We now can NOT rule out domestic #boxoffice BREAKING $400M! #SupermanMovie",,"#Superman STILL showing great weekday legs with powerful $10.9M THU, off 7% vs WED, finishing full 7-day opening week at $177.7M. 2nd wknd of around $60M looks very possible which would be 52% drop. We now can NOT rule out domestic #boxoffice BREAKING $400M! #SupermanMovie

",boxoffice,,,69
1lscoy2,"‘Jurassic World Rebirth’ Thundering Toward $312M+ Global Opening, Second Best YTD – International Box Office",,"‘Jurassic World Rebirth’ Thundering Toward $312M+ Global Opening, Second Best YTD – International Box Office

",boxoffice,,,291
1mar4s1,Disney's The Fantastic Four: First Steps has grossed an estimated $26.6M from global IMAX screens through Sunday. IMAX Totals Domestic - $16.0M International - $10.6M,,"Disney's The Fantastic Four: First Steps has grossed an estimated $26.6M from global IMAX screens through Sunday. IMAX Totals Domestic - $16.0M International - $10.6M

",boxoffice,,,477
1md90mk,"I analyzed Barbarian (2022) and without spoiling the movie, I figured something out. Here’s a hint - 1,826 square feet","**Warning - Spoilers - Barbarian rules and I recommend you watch it before reading this dumb movie data article.**

**Once again - Spoilers**

I love [Barbarian](https://www.youtube.com/watch?v=Dr89pmKrqkI&t=138s&pp=ygUOQmFyYmFyaWFuIDIwMjI%3D). It’s hilarious, stressful, scary, unpredictable and pretty much every other complimentary word I can think of.","I analyzed Barbarian (2022) and without spoiling the movie, I figured something out. Here’s a hint - 1,826 square feet

**Warning - Spoilers - Barbarian rules and I recommend you watch it before reading this dumb movie data article.**

**Once again - Spoilers**

I love [Barbarian](https://www.youtube.com/watch?v=Dr89pmKrqkI&t=138s&pp=ygUOQmFyYmFyaWFuIDIwMjI%3D). It’s hilarious, stressful, scary, unpredictable and pretty much every other complimentary word I can think of.",movies,,,44
1lv0g48,"‘Superman’, The First Movie In James Gunn & Peter Safran’s Revamped DC Universe, To Fly Around The World To At Least $200M+ – Box Office Preview",,"‘Superman’, The First Movie In James Gunn & Peter Safran’s Revamped DC Universe, To Fly Around The World To At Least $200M+ – Box Office Preview

",boxoffice,,,70
1m6jpn7,"In China The Lychee Road leads on Tuesday with $4.30M/$40.61M ahead of The Legend of Hei 2 in 2nd with $2.31M/$19.23M. Dead To Right(Previews) in 3rd add $1.96M/$8.06M. Fantastic Four presales hit $178k for Friday vs Marvels($337k), Flash($285k) and Superman($123k). Projected a $1.8-2.2M opening day","https://preview.redd.it/odb7f726jgef1.png?width=3190&format=png&auto=webp&s=c6c0166ae78a071c1f31988d7d6c8417e2d4dc8f

---

#**Daily Box Office(July 22th 2025)**

The market hits ¥101M/$14.1M which is down -2% from yesterday and up +52% from last week. 

**[Dongji Rescue](https://vod.pipi.cn/fec9203cvodtransbj1251246104/dbf3c1b75145403692741204243/v.f42905.mp4)** got a new trailer today ahead of its August 8th release.","In China The Lychee Road leads on Tuesday with $4.30M/$40.61M ahead of The Legend of Hei 2 in 2nd with $2.31M/$19.23M. Dead To Right(Previews) in 3rd add $1.96M/$8.06M. Fantastic Four presales hit $178k for Friday vs Marvels($337k), Flash($285k) and Superman($123k). Projected a $1.8-2.2M opening day

https://preview.redd.it/odb7f726jgef1.png?width=3190&format=png&auto=webp&s=c6c0166ae78a071c1f31988d7d6c8417e2d4dc8f

---

#**Daily Box Office(July 22th 2025)**

The market hits ¥101M/$14.1M which is down -2% from yesterday and up +52% from last week. 

**[Dongji Rescue](https://vod.pipi.cn/fec9203cvodtransbj1251246104/dbf3c1b75145403692741204243/v.f42905.mp4)** got a new trailer today ahead of its August 8th release.",boxoffice,,,552
1lx6fsp,"Currently 21,403 tickets sold on the opening day, Superman (2025) is taking the number 1 spot in Vietnam. Followed by Jurrasic World: Rebirth",,"Currently 21,403 tickets sold on the opening day, Superman (2025) is taking the number 1 spot in Vietnam. Followed by Jurrasic World: Rebirth

",boxoffice,,,182
1lp5dag,Keysersoze123 on BOT about Jurassic World Rebirth: I am thinking 30-32m OD. finish is good. I think something like 32m OD/130-140m range for 5 day is in play.,,"Keysersoze123 on BOT about Jurassic World Rebirth: I am thinking 30-32m OD. finish is good. I think something like 32m OD/130-140m range for 5 day is in play.

",boxoffice,,,341
1mhm9ov,"Box Office: ‘Fantastic Four’ grosses 38.7M in its Second Weekend, -67%","https://preview.redd.it/ukln375pu1hf1.png?width=876&format=png&auto=webp&s=42c729d454eaeeecd6bc0ceed09aa873d370da19

[https://www.the-numbers.com/movie/Fantastic-Four-The-First-Steps-(2025)#tab=box-office](https://www.the-numbers.com/movie/Fantastic-Four-The-First-Steps-(2025)#tab=box-office)","Box Office: ‘Fantastic Four’ grosses 38.7M in its Second Weekend, -67%

https://preview.redd.it/ukln375pu1hf1.png?width=876&format=png&auto=webp&s=42c729d454eaeeecd6bc0ceed09aa873d370da19

[https://www.the-numbers.com/movie/Fantastic-Four-The-First-Steps-(2025)#tab=box-office](https://www.the-numbers.com/movie/Fantastic-Four-The-First-Steps-(2025)#tab=box-office)",boxoffice,,,469
1n2kfbe,"Disney’s The Fantastic Four: First Steps grossed $532K on Wednesday (from 3,190 locations).  Total domestic gross stands at $259.27M.",,"Disney’s The Fantastic Four: First Steps grossed $532K on Wednesday (from 3,190 locations).  Total domestic gross stands at $259.27M.

",boxoffice,,,448
1mnhe16,Comparing Final Revenue for Man of Steel with Superman (2025) As Of Its Fifth Weekend Estimates,"Here is a productive exercise I came up with to compare Man of Steel's Final Revenue with Superman (2025)'s numbers as of the Fifth Weekend estimates (not actuals).

Note that I WILL be using inflation at the end of this comparison. However, I will NOT be using TICKET PRICE inflation. The reason for this is that Ticket Price Inflation (how much more movie tickets cost in 2025 compared to 2013) is at almost 100%.","Comparing Final Revenue for Man of Steel with Superman (2025) As Of Its Fifth Weekend Estimates

Here is a productive exercise I came up with to compare Man of Steel's Final Revenue with Superman (2025)'s numbers as of the Fifth Weekend estimates (not actuals).

Note that I WILL be using inflation at the end of this comparison. However, I will NOT be using TICKET PRICE inflation. The reason for this is that Ticket Price Inflation (how much more movie tickets cost in 2025 compared to 2013) is at almost 100%.",boxoffice,,,176
1md16dk,"Fantastic Four opened in France with an estimated 710K tickets sold in its first week, below the 952K tickets for the first Fantastic Four (2005) but on par with Fantastic Four 2 (2007) at 711K. In comparison, Superman opened with 576K tickets.","Thunderbolts : 467K
BNW :  648K 
GOTGvol3 : 1.3 M","Fantastic Four opened in France with an estimated 710K tickets sold in its first week, below the 952K tickets for the first Fantastic Four (2005) but on par with Fantastic Four 2 (2007) at 711K. In comparison, Superman opened with 576K tickets.

Thunderbolts : 467K
BNW :  648K 
GOTGvol3 : 1.3 M",boxoffice,,,479
1mjyklu,James Gunn to Direct ‘Next Movie in the Super-Family’ at DC Studios After ‘Superman’ Success,,"James Gunn to Direct ‘Next Movie in the Super-Family’ at DC Studios After ‘Superman’ Success

",boxoffice,,,65
1maar5x,The Fantastic Four: First Steps SAT running about even with pure FRI gross (without pre-shows). Low to mid 30s. Opening weekend box office likely to be near the $120M mark.,,"The Fantastic Four: First Steps SAT running about even with pure FRI gross (without pre-shows). Low to mid 30s. Opening weekend box office likely to be near the $120M mark.

",boxoffice,,,393
1mtzpv3,"August 15-17 Box Office Recap – 'Weapons' repeats at #1, dropping just 44% on its second weekend and earning $148M worldwide. 'Nobody 2' debuts with a so-so $9.2M domestically and $14.2M worldwide. 'Demon Slayer: Kimetsu no Yaiba Infinity Castle' destroys animated records in Southeast Asia.","https://preview.redd.it/l1fxx7r5mujf1.png?width=1920&format=png&auto=webp&s=c16883f9d3a2869584465ec43316fb4eb7c984f0

In a quiet weekend, ***Weapons*** easily held the top spot, with a better-than-usual drop for a horror title. ***Nobody 2*** also made its way to theaters, but its numbers were quite disappointing. And audiences pretty much showed zero interest in Lionsgate's ***Americana***, which had a very poor debut in over 1,000 theaters.","August 15-17 Box Office Recap – 'Weapons' repeats at #1, dropping just 44% on its second weekend and earning $148M worldwide. 'Nobody 2' debuts with a so-so $9.2M domestically and $14.2M worldwide. 'Demon Slayer: Kimetsu no Yaiba Infinity Castle' destroys animated records in Southeast Asia.

https://preview.redd.it/l1fxx7r5mujf1.png?width=1920&format=png&auto=webp&s=c16883f9d3a2869584465ec43316fb4eb7c984f0

In a quiet weekend, ***Weapons*** easily held the top spot, with a better-than-usual drop for a horror title. ***Nobody 2*** also made its way to theaters, but its numbers were quite disappointing. And audiences pretty much showed zero interest in Lionsgate's ***Americana***, which had a very poor debut in over 1,000 theaters.",movies,,,49
1lyymxd,Superman marketing,"According to Variety,  Superman cost about 100M in marketing.","Superman marketing

According to Variety,  Superman cost about 100M in marketing.",boxoffice,,,148
1lotj9p,Top 10 Films of the Summer 2025: Mid-Season Update,"So here we are, we're halfway through the Summer and it's been an interesting one to say the least. It hasn't been as slow as 2024 but it also hasn't been as huge as 2023 yet. We've had big openings and even records being shattered but the race is still on for what will be the top films of the summer. But let's look at how films are doing so far

At **#1**, we have what a lot of people expected would be the top film of the Summer: Lilo & Stitch.","Top 10 Films of the Summer 2025: Mid-Season Update

So here we are, we're halfway through the Summer and it's been an interesting one to say the least. It hasn't been as slow as 2024 but it also hasn't been as huge as 2023 yet. We've had big openings and even records being shattered but the race is still on for what will be the top films of the summer. But let's look at how films are doing so far

At **#1**, we have what a lot of people expected would be the top film of the Summer: Lilo & Stitch.",boxoffice,,,281
1mqv066,Just saw Jurassic world rebirth and I hate that stupid family,"I don’t even know where to start they were the worst part of the movie and had plot armor like I have never seen before. The dad was horrible and stupider than humanly possible.

That elder daughter was insufferable and the worst part is I wish they had Martin actually try to kill her so that she would have something to stand on but the whole thing was so weak and she was so whiny like the dude that tried to kill me when he barely did anything.","Just saw Jurassic world rebirth and I hate that stupid family

I don’t even know where to start they were the worst part of the movie and had plot armor like I have never seen before. The dad was horrible and stupider than humanly possible.

That elder daughter was insufferable and the worst part is I wish they had Martin actually try to kill her so that she would have something to stand on but the whole thing was so weak and she was so whiny like the dude that tried to kill me when he barely did anything.",movies,,,39
1m110b4,The Superman movie really sends a message of hope and kindness. Some BTS footage of the cast having fun.,,"The Superman movie really sends a message of hope and kindness. Some BTS footage of the cast having fun.

",DC_Cinematic,,,596
1mxykqr,"James Gunn says yet again that he's not making ""Superman 2""",SOURCE: [https://www.threads.com/@jamesgunn/post/DNrgXi80i9z](https://www.threads.com/@jamesgunn/post/DNrgXi80i9z),"James Gunn says yet again that he's not making ""Superman 2""

SOURCE: [https://www.threads.com/@jamesgunn/post/DNrgXi80i9z](https://www.threads.com/@jamesgunn/post/DNrgXi80i9z)",DC_Cinematic,,,650
1ml6gye,New ‘Final Destination’ Movie in the Works with ‘Bloodlines’ Co-Writer,,"New ‘Final Destination’ Movie in the Works with ‘Bloodlines’ Co-Writer

",movies,,,6
1mhj2vb,"Darkseid’s introduction in the DCU, when it eventually happens, should be in a New Gods movie, not as some post-credits scene in a “Thanos-style” setup.","I think the best way to set Darkseid apart from Thanos in the DCU is to really explore him beyond just being the Justice League’s big villain. You dive deeper into who he is, his race, his culture, and introduce him as one of the main characters in a New Gods film right from the start, without needing some long buildup or teasing.

Over time, that whole New Gods side of the universe would slowly start to intersect with the rest of the DCU, and then you could have him rise as the big bad, but o","Darkseid’s introduction in the DCU, when it eventually happens, should be in a New Gods movie, not as some post-credits scene in a “Thanos-style” setup.

I think the best way to set Darkseid apart from Thanos in the DCU is to really explore him beyond just being the Justice League’s big villain. You dive deeper into who he is, his race, his culture, and introduce him as one of the main characters in a New Gods film right from the start, without needing some long buildup or teasing.

Over time, that whole New Gods side of the universe would slowly start to intersect with the rest of the DCU, and then you could have him rise as the big bad, but o",DC_Cinematic,,,573
1m4ssvv,'Superman' Secrets Revealed: The James Gunn Spoilers Interview,,"'Superman' Secrets Revealed: The James Gunn Spoilers Interview

",DC_Cinematic,,,663
1maqwyd,"Superman vs Fantastic Four Overseas: China - $6.5M / $4.5M, Asia/Oceania - $36M / $32.5M, EU - $27.5M / $36.5M, LATAM - $23M / $27M. Asia is a complete disaster for F4. In the good old days, it would have earned over $125M in Asia & China. In contrast, the EU was bad for Supe with exception of UK.",,"Superman vs Fantastic Four Overseas: China - $6.5M / $4.5M, Asia/Oceania - $36M / $32.5M, EU - $27.5M / $36.5M, LATAM - $23M / $27M. Asia is a complete disaster for F4. In the good old days, it would have earned over $125M in Asia & China. In contrast, the EU was bad for Supe with exception of UK.

",boxoffice,,,209
1m70pmm,"TheFlatLannister on The Fantastic Four: First Steps - “It's still increasing against Deadpool, kind of nuts. Thinking $27M+ with a chance at $28M for previews. Breakout for sure...”",,"TheFlatLannister on The Fantastic Four: First Steps - “It's still increasing against Deadpool, kind of nuts. Thinking $27M+ with a chance at $28M for previews. Breakout for sure...”

",boxoffice,,,411
1lxzrm8,"$23M OS FRI for #Superman . $41M+ cume. Decent in the UK, ANZ, India and LATAM in general. Europe is a big letdown, which is generally good for James Gunn. Weekend now headed for $95M+.",,"$23M OS FRI for #Superman . $41M+ cume. Decent in the UK, ANZ, India and LATAM in general. Europe is a big letdown, which is generally good for James Gunn. Weekend now headed for $95M+.

",boxoffice,,,131
1m6hl23,#FantasticFour  starts its intl rollout tomorrow. Looking good in LATAM while Asia is so-so. Expecting $110M+ opening.,,"#FantasticFour  starts its intl rollout tomorrow. Looking good in LATAM while Asia is so-so. Expecting $110M+ opening.

",boxoffice,,,534
1mwvv86,What was the movie of the summer?,"The movie hype was real for summer 2025 with a strong slate of movies that came out.

However, is it just me or it doesn’t feel like there’s a movie that captured the cultural zeitgeist like in previous years? (Deadpool & Wolverine/Inside out 2, Barbenheimer, Top Gun: Maverick, etc.)

Besides box office numbers, what would you say was the movie of the summer?","What was the movie of the summer?

The movie hype was real for summer 2025 with a strong slate of movies that came out.

However, is it just me or it doesn’t feel like there’s a movie that captured the cultural zeitgeist like in previous years? (Deadpool & Wolverine/Inside out 2, Barbenheimer, Top Gun: Maverick, etc.)

Besides box office numbers, what would you say was the movie of the summer?",boxoffice,,,271
1mcez3x,James Gunn's 'Superman' has now passed the $291.05M total domestic gross of 2013's 'Man of Steel',,"James Gunn's 'Superman' has now passed the $291.05M total domestic gross of 2013's 'Man of Steel'

",DC_Cinematic,,,625
1lwzsoh,"Superman (2025) is tracking to open in 2nd place with less than half of Jurassic World Rebirth´s 2nd Weekend, Opening Weekend is tracking below, all Post-Covid MCU Movies, Black Adam, The Suicide Squad Man of Steel, Superman Returns and Morbius - Germany Box Office","https://preview.redd.it/eley8if2w6cf1.jpg?width=495&format=pjpg&auto=webp&s=0c8cea969ab0ad71d5201b260797a3f90d09256b

https://preview.redd.it/c9pmsyr3w6cf1.jpg?width=495&format=pjpg&auto=webp&s=06f61ecc33d262099173eb60bf224fa826fe940a

https://preview.redd.it/8ay19gb4w6cf1.jpg?width=495&format=pjpg&auto=webp&s=256871e4eb45877112ebdb021194c61c3851bd69

* The grand relaunch of DC has arrived and it´s not doing good.","Superman (2025) is tracking to open in 2nd place with less than half of Jurassic World Rebirth´s 2nd Weekend, Opening Weekend is tracking below, all Post-Covid MCU Movies, Black Adam, The Suicide Squad Man of Steel, Superman Returns and Morbius - Germany Box Office

https://preview.redd.it/eley8if2w6cf1.jpg?width=495&format=pjpg&auto=webp&s=0c8cea969ab0ad71d5201b260797a3f90d09256b

https://preview.redd.it/c9pmsyr3w6cf1.jpg?width=495&format=pjpg&auto=webp&s=06f61ecc33d262099173eb60bf224fa826fe940a

https://preview.redd.it/8ay19gb4w6cf1.jpg?width=495&format=pjpg&auto=webp&s=256871e4eb45877112ebdb021194c61c3851bd69

* The grand relaunch of DC has arrived and it´s not doing good.",boxoffice,,,86
1lzcywg,"International Presale Tracking (July 13). Smurfs selling good in Brazil. Fantastic Four doing well in Brazil, Mexico, and Italy. I Know What You Did Last Summer is not scaring up Italian audiences.","[**China: Presales and Maoyan Want to See *from Firefox72, includes presales for Chinese films***](https://www.reddit.com/r/boxoffice/comments/1lywvir/in_china_superman_opens_6th_with_just_670m_less/?ref=share&ref_source=link)

- Firefox72 (Fantastic 4: First Steps:  3rd party media projections are $10-20M **(July 13)**.)

- Firefox72 (The Bad Guys 2:  3rd party media projections are $20-27M **(July 13)**.)

**[Brazil](https://forums.boxofficetheory.","International Presale Tracking (July 13). Smurfs selling good in Brazil. Fantastic Four doing well in Brazil, Mexico, and Italy. I Know What You Did Last Summer is not scaring up Italian audiences.

[**China: Presales and Maoyan Want to See *from Firefox72, includes presales for Chinese films***](https://www.reddit.com/r/boxoffice/comments/1lywvir/in_china_superman_opens_6th_with_just_670m_less/?ref=share&ref_source=link)

- Firefox72 (Fantastic 4: First Steps:  3rd party media projections are $10-20M **(July 13)**.)

- Firefox72 (The Bad Guys 2:  3rd party media projections are $20-27M **(July 13)**.)

**[Brazil](https://forums.boxofficetheory.",boxoffice,,,549
1mgmmhu,"Universal's Jurassic World Rebirth has passed the $750M global mark. The film grossed an estimated $16.2M internationally this weekend. Estimated international total stands at $448.4M, estimated global total stands at $766.0M.",,"Universal's Jurassic World Rebirth has passed the $750M global mark. The film grossed an estimated $16.2M internationally this weekend. Estimated international total stands at $448.4M, estimated global total stands at $766.0M.

",boxoffice,,,329
1m94jxe,"Repost: MCU first days in China Post CoVID

Wakanda Forever - ¥21M (delayed)
Quantumania - ¥43M
GOTG Vol 3 - ¥46M
Marvels - ¥29M
D&W - ¥61M
Brave New World - ¥40M (Valentines)
Thunderbolts - ¥18M (May Day)
#FantasticFour - ¥13.5M

That adds to ¥272M. Far From Home had a ¥248M first-day back in 2019",,"Repost: MCU first days in China Post CoVID

Wakanda Forever - ¥21M (delayed)
Quantumania - ¥43M
GOTG Vol 3 - ¥46M
Marvels - ¥29M
D&W - ¥61M
Brave New World - ¥40M (Valentines)
Thunderbolts - ¥18M (May Day)
#FantasticFour - ¥13.5M

That adds to ¥272M. Far From Home had a ¥248M first-day back in 2019

",boxoffice,,,470
1mau7nd,"James Gunn confirms The Authority is not going forward. Also, Krypto shorts (cartoons for kids) and Creature Commandos season 2 are being worked on. Still moving forward are: Supergirl, Lanterns season 1, Clayface, The Brave and the Bold, Wonder Woman, The Batman 2, Sgt. Rock. (via @straw_hat_goofy)",Source: [https://www.tiktok.com/t/ZP8k2JTUT/](https://www.tiktok.com/t/ZP8k2JTUT/) via u/straw_hat_goofy on TikTok,"James Gunn confirms The Authority is not going forward. Also, Krypto shorts (cartoons for kids) and Creature Commandos season 2 are being worked on. Still moving forward are: Supergirl, Lanterns season 1, Clayface, The Brave and the Bold, Wonder Woman, The Batman 2, Sgt. Rock. (via @straw_hat_goofy)

Source: [https://www.tiktok.com/t/ZP8k2JTUT/](https://www.tiktok.com/t/ZP8k2JTUT/) via u/straw_hat_goofy on TikTok",DC_Cinematic,,,620
1lsc507,"‘Jurassic World Rebirth’ Evolves July 4th To Post Covid $26.3M Record, Pacing For $85.4M 3-Day; 5-Day Opening Now Roaring To $141.2M",,"‘Jurassic World Rebirth’ Evolves July 4th To Post Covid $26.3M Record, Pacing For $85.4M 3-Day; 5-Day Opening Now Roaring To $141.2M

",boxoffice,,,292
1mfs07b,"Universal's Jurassic World Rebirth grossed an estimated $2.46M on Friday (from 3,240 locations).  Estimated total domestic gross stands at $311.37M.",,"Universal's Jurassic World Rebirth grossed an estimated $2.46M on Friday (from 3,240 locations).  Estimated total domestic gross stands at $311.37M.

",boxoffice,,,369
1m8n0ic,Official Discussion - The Fantastic Four: First Steps [SPOILERS],"#Poll

**If you've seen the film, please rate it [at this poll](https://strawpoll.ai/poll/vote/BIvB6HmTP7r7)**

**If you haven't seen the film but would like to see the result of the poll [click here](https://strawpoll.ai/poll/results/BIvB6HmTP7r7)**

#Rankings

[Click here](https://strawpoll.ai/list/ItnAgr4mX7QR) to see the rankings of 2025 films

[Click here](https://youpoll.me/list/4/) to see the rankings for every poll done

---

**Summary**","Official Discussion - The Fantastic Four: First Steps [SPOILERS]

#Poll

**If you've seen the film, please rate it [at this poll](https://strawpoll.ai/poll/vote/BIvB6HmTP7r7)**

**If you haven't seen the film but would like to see the result of the poll [click here](https://strawpoll.ai/poll/results/BIvB6HmTP7r7)**

#Rankings

[Click here](https://strawpoll.ai/list/ItnAgr4mX7QR) to see the rankings of 2025 films

[Click here](https://youpoll.me/list/4/) to see the rankings for every poll done

---

**Summary**",movies,,,41
1lswc93,"EmpireCity: Not out of the question @JurassicWorld : Rebirth can now get near $150m+ for the 5-day weekend and $325m+ global after a phenomenal Saturday. WOM on this being underestimated, the B CinemaScore likely due to leaning heavier into scary elements. Either way, it's performing.",,"EmpireCity: Not out of the question @JurassicWorld : Rebirth can now get near $150m+ for the 5-day weekend and $325m+ global after a phenomenal Saturday. WOM on this being underestimated, the B CinemaScore likely due to leaning heavier into scary elements. Either way, it's performing.

",boxoffice,,,314
1mczlvs,Fantastic four vs Superman on Indian box office the fall is hard for both movies let's see how it performs in its second weekend compared to superman which has earned close to 47cr/5.3M dollars,,"Fantastic four vs Superman on Indian box office the fall is hard for both movies let's see how it performs in its second weekend compared to superman which has earned close to 47cr/5.3M dollars

",boxoffice,,,108
1lwhz2h,SK Thursday Update: Jurassic World Rebirth is set to have big second weekend as Superman gets worried.,"|Movies|Monday-Monday Drop|Tuesday-Tuesday Drop|Wednesday-Wednesday Drop|Thursday-Thursday Drop|Friday-Friday Drop|Saturday-Saturday Drop|Sunday-Sunday Drop|Week-Week Drop|
|:-|:-|:-|:-|:-|:-|:-|:-|:-|
||
|Jurassic World Rebirth|–|–|67%|54%|–|–|–|–|
|Noise|Increase by 66%|Increase by 53%|Increase by 47%|Increase by 1%|–|–|–||
|F1|19%|4%|21%|16%|–|–|–||
|HTTYD|48%|36%|53%|56%|–|–|–||
|Elio|61%|35%|51%|38%|–|–|–||
|28 Years Later|79%|76%|68%|95%|–|–|–||
|Hi-Five|72%|56%|59%|68%|–|–|–||","SK Thursday Update: Jurassic World Rebirth is set to have big second weekend as Superman gets worried.

|Movies|Monday-Monday Drop|Tuesday-Tuesday Drop|Wednesday-Wednesday Drop|Thursday-Thursday Drop|Friday-Friday Drop|Saturday-Saturday Drop|Sunday-Sunday Drop|Week-Week Drop|
|:-|:-|:-|:-|:-|:-|:-|:-|:-|
||
|Jurassic World Rebirth|–|–|67%|54%|–|–|–|–|
|Noise|Increase by 66%|Increase by 53%|Increase by 47%|Increase by 1%|–|–|–||
|F1|19%|4%|21%|16%|–|–|–||
|HTTYD|48%|36%|53%|56%|–|–|–||
|Elio|61%|35%|51%|38%|–|–|–||
|28 Years Later|79%|76%|68%|95%|–|–|–||
|Hi-Five|72%|56%|59%|68%|–|–|–||",boxoffice,,,218
1mh2e8r,What is this style of filmmaking called?,"Tim burton, sam raimi, barry sonninfeld, and danny devito styled movies. They rely on set design and creative editing. Very stylized. Notable examples would be the addams family 1 and 2, hoffa, war of the roses, hudsucker proxy, dark man, the crow, dick tracy, the original 4 batman movies. The most recent movies that I've seen that fall under this style would probably be doctor strange 2, beetlejuice 2, speed racer, and to an extent maybe fantastic four first steps.","What is this style of filmmaking called?

Tim burton, sam raimi, barry sonninfeld, and danny devito styled movies. They rely on set design and creative editing. Very stylized. Notable examples would be the addams family 1 and 2, hoffa, war of the roses, hudsucker proxy, dark man, the crow, dick tracy, the original 4 batman movies. The most recent movies that I've seen that fall under this style would probably be doctor strange 2, beetlejuice 2, speed racer, and to an extent maybe fantastic four first steps.",movies,,,56
1mjuvot,"France : Despite starting stronger than Superman, FF tanked 48% in week two with 350K tickets. Superman only dropped 30% with 402K in its second week.","Both films are projected to sell around 1.6 million tickets, similar to Quantumania. Disappointing results for both.","France : Despite starting stronger than Superman, FF tanked 48% in week two with 350K tickets. Superman only dropped 30% with 402K in its second week.

Both films are projected to sell around 1.6 million tickets, similar to Quantumania. Disappointing results for both.",boxoffice,,,244
1ly6ipa,"I think Man of Steel is a better movie, but Superman is a better Superman movie.","I won't spoil in the movie. I enjoyed both but Superman is not a well made movie in the traditional sense. For lack of a better word the film feels ADHD, I could compare it to the Minecraft movie, which isn't a great movie, but one I also enjoyed. Man of Steel let's the characters breath and develops the plot the stakes feel higher and the action is better. My main criticism of Man of Steel would have to be Pa Kent and the color grading.","I think Man of Steel is a better movie, but Superman is a better Superman movie.

I won't spoil in the movie. I enjoyed both but Superman is not a well made movie in the traditional sense. For lack of a better word the film feels ADHD, I could compare it to the Minecraft movie, which isn't a great movie, but one I also enjoyed. Man of Steel let's the characters breath and develops the plot the stakes feel higher and the action is better. My main criticism of Man of Steel would have to be Pa Kent and the color grading.",DC_Cinematic,,,585
1m98rom,"Box Office: Fantastic Four takes a mediocre start in India, Opens below Superman & Jurassic World Rebirth",,"Box Office: Fantastic Four takes a mediocre start in India, Opens below Superman & Jurassic World Rebirth

",boxoffice,,,360
1ls23ld,Will James Gunn's Superman Make More Than Man Of Steel In Its Box Office Debut?,,"Will James Gunn's Superman Make More Than Man Of Steel In Its Box Office Debut?

",boxoffice,,,132
1lsbrfs,"JURASSIC WORLD: REBIRTH is on track to score $85M this weekend, $142M over the 5-day holiday stretch.",,"JURASSIC WORLD: REBIRTH is on track to score $85M this weekend, $142M over the 5-day holiday stretch.

",boxoffice,,,310
1m5icxz,Domestic Box Office 2025 (Weekend 29),"Superman held the top spot despite a steep drop, while two new openings cracked the top five in a crowded summer frame.","Domestic Box Office 2025 (Weekend 29)

Superman held the top spot despite a steep drop, while two new openings cracked the top five in a crowded summer frame.",boxoffice,,,249
1n453ly,What are your top 10 Superhero movies ever?,"For me it's

#1. The Dark Knight
#2. Incredibles 1
#3. Spiderman Into the Spiderverse
#4. The Dark Knight Rises
#5. Across the Spiderverse
#6.  Avengers Endgame/Infinity War
#7.  Superman (2025)
#8.  Avengers (2012)
#9. Spiderman 1
#10.  Guardians of the Galaxy Vol. 1












The top 2 are far ahead of everything else. Infinity War and Endgame occupy one spot since they are 2 parts to the same story.","What are your top 10 Superhero movies ever?

For me it's

#1. The Dark Knight
#2. Incredibles 1
#3. Spiderman Into the Spiderverse
#4. The Dark Knight Rises
#5. Across the Spiderverse
#6.  Avengers Endgame/Infinity War
#7.  Superman (2025)
#8.  Avengers (2012)
#9. Spiderman 1
#10.  Guardians of the Galaxy Vol. 1












The top 2 are far ahead of everything else. Infinity War and Endgame occupy one spot since they are 2 parts to the same story.",movies,,,24
1mfrob2,"Disney's The Fantastic Four: First Steps grossed an estimated $11.7M on Friday (from 4,125 locations). Estimated total domestic gross stands at $170.13M.",,"Disney's The Fantastic Four: First Steps grossed an estimated $11.7M on Friday (from 4,125 locations). Estimated total domestic gross stands at $170.13M.

",boxoffice,,,388
1mduazb,"The Fantastic Four: First Steps claimed the top spot at the New Zealand box office in its opening week, earning $1.27M. 🎟️ Superman is in 2nd place in its third week, bringing its cumulative total to $2.87M.","Source:

https://numero.co/reports/2025/07/31/the-fantastic-four-first-steps-debuts-at-no-1-in-new-zealand","The Fantastic Four: First Steps claimed the top spot at the New Zealand box office in its opening week, earning $1.27M. 🎟️ Superman is in 2nd place in its third week, bringing its cumulative total to $2.87M.

Source:

https://numero.co/reports/2025/07/31/the-fantastic-four-first-steps-debuts-at-no-1-in-new-zealand",boxoffice,,,494
1lr245w,"Superman Test Screening Audience had a Negative Reaction to One Scene, So James Gunn Cut it","[https://screenrant.com/superman-dc-universe-movie-cut-scene-krypto/](https://screenrant.com/superman-dc-universe-movie-cut-scene-krypto/)

>*Superman*'s Engineer star María Gabriela de Faría and Eve Teschmacher actress Sara Sampaio revealed that a scene featuring Ultraman punching Krypto was cut.

>According to Sampaio, the reason for the fight being scrapped was that it did not perform well in the test screening. Check out the full exchange below:","Superman Test Screening Audience had a Negative Reaction to One Scene, So James Gunn Cut it

[https://screenrant.com/superman-dc-universe-movie-cut-scene-krypto/](https://screenrant.com/superman-dc-universe-movie-cut-scene-krypto/)

>*Superman*'s Engineer star María Gabriela de Faría and Eve Teschmacher actress Sara Sampaio revealed that a scene featuring Ultraman punching Krypto was cut.

>According to Sampaio, the reason for the fight being scrapped was that it did not perform well in the test screening. Check out the full exchange below:",DC_Cinematic,,,648
1lsexqc,In China Jurrassic World Rebirth grossed $10.78M/$33.11M on Saturday. Audience reception poor as Maoyan and Tao scores debut at 8.6 and 8.5. Detective Conan: 2025 in 2nd adds $3.53M(-60%)/$33.96M. F1 in 3rd incredibly strong with $2.98M(-7%)/$18.72M as Sunday is looking to be up from last week,"https://preview.redd.it/uihxmfq693bf1.png?width=3228&format=png&auto=webp&s=a711396ceacee586a64b570fd125a8202a5708a3

---

#**Daily Box Office(July 5th 2025)**

The market hits ¥171.5M/$13.2M up +82% from yesterday and up +12% from last week.


---

**Province map of the day:** 

4 sweeps in a row for Rebirth.

https://imgsli.com/Mzk1NDAz

**In Metropolitan cities:**","In China Jurrassic World Rebirth grossed $10.78M/$33.11M on Saturday. Audience reception poor as Maoyan and Tao scores debut at 8.6 and 8.5. Detective Conan: 2025 in 2nd adds $3.53M(-60%)/$33.96M. F1 in 3rd incredibly strong with $2.98M(-7%)/$18.72M as Sunday is looking to be up from last week

https://preview.redd.it/uihxmfq693bf1.png?width=3228&format=png&auto=webp&s=a711396ceacee586a64b570fd125a8202a5708a3

---

#**Daily Box Office(July 5th 2025)**

The market hits ¥171.5M/$13.2M up +82% from yesterday and up +12% from last week.


---

**Province map of the day:** 

4 sweeps in a row for Rebirth.

https://imgsli.com/Mzk1NDAz

**In Metropolitan cities:**",boxoffice,,,250
1m32mwp,Superman (2025) opening text,"I haven’t seen the opening text of the film transcribed anywhere so I’m doing it here:

3 CENTURIES AGO, the first superpowered beings, known as METAHUMANS, appeared on Earth, ushering in a new era of GODS AND MONSTERS.

3 DECADES AGO, an extraterrestrial baby was sent in a spacecraft to Earth, and adopted by Kansas farmers.

3 YEARS AGO, the baby, now grown, announced himself as SUPERMAN, the most powerful metahuman of all.","Superman (2025) opening text

I haven’t seen the opening text of the film transcribed anywhere so I’m doing it here:

3 CENTURIES AGO, the first superpowered beings, known as METAHUMANS, appeared on Earth, ushering in a new era of GODS AND MONSTERS.

3 DECADES AGO, an extraterrestrial baby was sent in a spacecraft to Earth, and adopted by Kansas farmers.

3 YEARS AGO, the baby, now grown, announced himself as SUPERMAN, the most powerful metahuman of all.",DC_Cinematic,,,597
1mh3dpw,There are no new superhero movies for the next six months – is Hollywood up to something?,,"There are no new superhero movies for the next six months – is Hollywood up to something?

",boxoffice,,,110
1mk35n0,My expected 2025 end-of-year top 10 highest grossers WW list,"#1. Avatar: Fire and Ash with $2.5b
#2. Ne Zha 2 with $2.3b
#3. Zootopia 2 with $1.6b
#4. Lilo and Stitch with $1.035b
#5. A Minecraft Movie with $955m
#6/7. Wicked: For Good/Jurassic World: Rebirth with around $900m apiece
#8. How to Train Your Dragon with $635m
#9. Superman with $630m
#10. Mission Impossible: the Final Reckoning with $600m

Agree? Disagree? Lemme know!","My expected 2025 end-of-year top 10 highest grossers WW list

#1. Avatar: Fire and Ash with $2.5b
#2. Ne Zha 2 with $2.3b
#3. Zootopia 2 with $1.6b
#4. Lilo and Stitch with $1.035b
#5. A Minecraft Movie with $955m
#6/7. Wicked: For Good/Jurassic World: Rebirth with around $900m apiece
#8. How to Train Your Dragon with $635m
#9. Superman with $630m
#10. Mission Impossible: the Final Reckoning with $600m

Agree? Disagree? Lemme know!",boxoffice,,,260
1n2ldt7,Warner Bros. & Apple's F1 The Movie has grossed an estimated $420.6M internationally through Wednesday.  Estimated global total through Wednesday stands at $607.1M. F1 The Movie has now overtaken Superman globally.,,"Warner Bros. & Apple's F1 The Movie has grossed an estimated $420.6M internationally through Wednesday.  Estimated global total through Wednesday stands at $607.1M. F1 The Movie has now overtaken Superman globally.

",boxoffice,,,82
1m21cvw,'Superman' Claims 5th Consecutive Week as No. 1 Title Audiences Are Most Excited About | Chart,"No paywall:

https://archive.fo/seQKD","'Superman' Claims 5th Consecutive Week as No. 1 Title Audiences Are Most Excited About | Chart

No paywall:

https://archive.fo/seQKD",boxoffice,,,511
1loufq7,"All three previous Fantastic 4 films made a combined box office total of $803,331,946 worldwide. Can First Steps beat that?","The 2005 movie made $333,535,934, Rise of The Silver Surfer made $301,913,131, and Fant4stic made $167,882,881, combining for a total of $803,331,946. Whether it can make a billion is totally different topic, but this range doesn't seem too far off from where the MCU's ceiling is at the moment.","All three previous Fantastic 4 films made a combined box office total of $803,331,946 worldwide. Can First Steps beat that?

The 2005 movie made $333,535,934, Rise of The Silver Surfer made $301,913,131, and Fant4stic made $167,882,881, combining for a total of $803,331,946. Whether it can make a billion is totally different topic, but this range doesn't seem too far off from where the MCU's ceiling is at the moment.",boxoffice,,,467
1mgf2cv,UK BOX OFFICE: Fantastic four grossed £1.12m (-49%),,"UK BOX OFFICE: Fantastic four grossed £1.12m (-49%)

",boxoffice,,,536
1mwjclt,"Disney's The Fantastic Four: First Steps has passed the $250M domestic mark. The film grossed $954K on Wednesday (from 3,355 locations). Total domestic gross stands at $250.49M.",,"Disney's The Fantastic Four: First Steps has passed the $250M domestic mark. The film grossed $954K on Wednesday (from 3,355 locations). Total domestic gross stands at $250.49M.

",boxoffice,,,417
1msvbs0,"The Fantastic Four: First Steps Worldwide Gross after 4th Weekend ($469M) vs. Superman ($551M), How to Train Your Dragon ($517M), Mission Impossible 8 ($507M), F1 ($463M)",,"The Fantastic Four: First Steps Worldwide Gross after 4th Weekend ($469M) vs. Superman ($551M), How to Train Your Dragon ($517M), Mission Impossible 8 ($507M), F1 ($463M)

",boxoffice,,,465
1m9y0e5,"In China Fantastic Four grossed just $1.65M/$3.54M on Saturday. -5% vs Friday. 1st Saturday -8% vs Shazam 2, -37% vs Superman, -49% vs Cap 4 and -67% vs The Marvels. Projected a MCU low point $4-5M opening weekend. Dead To Rights spectacular on top with $15.18M/$37.29M and heading for a $53M opening","https://preview.redd.it/rousn661z8ff1.png?width=3200&format=png&auto=webp&s=87b5a16a4dd085c7b7f19abd1abbeb261686e4a7

---

#**Daily Box Office(July 26th 2025)**

The market hits ¥294M/$41M which is up +84% from yesterday and up +43% from last week. The market finnaly livening up a bit as the summer might not be producting the biggest blockbuster but its producing some of the best quality ones in ages.","In China Fantastic Four grossed just $1.65M/$3.54M on Saturday. -5% vs Friday. 1st Saturday -8% vs Shazam 2, -37% vs Superman, -49% vs Cap 4 and -67% vs The Marvels. Projected a MCU low point $4-5M opening weekend. Dead To Rights spectacular on top with $15.18M/$37.29M and heading for a $53M opening

https://preview.redd.it/rousn661z8ff1.png?width=3200&format=png&auto=webp&s=87b5a16a4dd085c7b7f19abd1abbeb261686e4a7

---

#**Daily Box Office(July 26th 2025)**

The market hits ¥294M/$41M which is up +84% from yesterday and up +43% from last week. The market finnaly livening up a bit as the summer might not be producting the biggest blockbuster but its producing some of the best quality ones in ages.",boxoffice,,,211
1mhqmqa,"August 1-3 Box Office Recap – Despite staying at #1, 'The Fantastic Four: First Steps' collapses 67.2% domestically, the 7th worst drop in the MCU. It also collapses 60% overseas, earning $367M worldwide. 'The Bad Guys 2' and 'The Naked Gun' open solidly with $21.9M and $16.8M, respectively.","https://preview.redd.it/airvbn7ln2hf1.png?width=1920&format=png&auto=webp&s=a24f9ac3715eef6e282f1882ec272f5c6de39bfb

Well, that wasn't really fantastic.

***The Fantastic Four: First Steps*** easily topped the box office on its second weekend, but in the process, it posted one of the steepest second weekend drops in the whole MCU. Three newcomers arrived at the scene, but it was a mixed bag; ***The Bad Guys*** wasn't that far off from the original, ***The Naked Gun*** was off to a solid sta","August 1-3 Box Office Recap – Despite staying at #1, 'The Fantastic Four: First Steps' collapses 67.2% domestically, the 7th worst drop in the MCU. It also collapses 60% overseas, earning $367M worldwide. 'The Bad Guys 2' and 'The Naked Gun' open solidly with $21.9M and $16.8M, respectively.

https://preview.redd.it/airvbn7ln2hf1.png?width=1920&format=png&auto=webp&s=a24f9ac3715eef6e282f1882ec272f5c6de39bfb

Well, that wasn't really fantastic.

***The Fantastic Four: First Steps*** easily topped the box office on its second weekend, but in the process, it posted one of the steepest second weekend drops in the whole MCU. Three newcomers arrived at the scene, but it was a mixed bag; ***The Bad Guys*** wasn't that far off from the original, ***The Naked Gun*** was off to a solid sta",movies,,,18
1m9fxnl,What Other Movies Do You Think Will Hit $1 Billion in 2025?,"We are more than half way through 2025. So far, we have only had one American movie make $1 billion at the global box office, and that was the live action “Lilo and Stitch” movie. There were some movies I thought would make a billion but did not quite hit the mark or don’t appear to be getting there (Ex: “A Minecraft Movie”, “Jurassic World Rebirth”, “Superman”, etc).

I don’t think “The Fantastic Four: First Steps” will hit a billion.","What Other Movies Do You Think Will Hit $1 Billion in 2025?

We are more than half way through 2025. So far, we have only had one American movie make $1 billion at the global box office, and that was the live action “Lilo and Stitch” movie. There were some movies I thought would make a billion but did not quite hit the mark or don’t appear to be getting there (Ex: “A Minecraft Movie”, “Jurassic World Rebirth”, “Superman”, etc).

I don’t think “The Fantastic Four: First Steps” will hit a billion.",boxoffice,,,234
1maozd6,"‘Fantastic Four: First Steps’ Lighter At $118M, But Still Super In Opening – Box Office Update",,"‘Fantastic Four: First Steps’ Lighter At $118M, But Still Super In Opening – Box Office Update

",boxoffice,,,398
1m39g9q,"In China The Lychee Road opens on top with $4.95M/$13.09M narrowly beating out The Legend of Hei 2 which opens 2nd with $4.95M/$4.99M. Superman drops out of the top 10 to 12th with $0.10M(-95%)/$8.36M. F4 pre-sales start weak at just $15k for Friday vs Flash($75k), Superman($47k), The Marvels($14k)","https://preview.redd.it/1sbg15g5aodf1.png?width=3229&format=png&auto=webp&s=c05f1c6d955a9b7fa0da00a3bcc517cf4210662a

---

#**Daily Box Office(July 18th 2025)**

The market hits ¥133M/$18.5M which is up +76% from yesterday and up +78% from last week.

**[Dead To Rights](https://vod.pipi.cn/fec9203cvodtransbj1251246104/e583f75e5145403692378081331/v.f42905.mp4)** got a new trailer head of its previews this weekend.



---

**Province map of the day:**","In China The Lychee Road opens on top with $4.95M/$13.09M narrowly beating out The Legend of Hei 2 which opens 2nd with $4.95M/$4.99M. Superman drops out of the top 10 to 12th with $0.10M(-95%)/$8.36M. F4 pre-sales start weak at just $15k for Friday vs Flash($75k), Superman($47k), The Marvels($14k)

https://preview.redd.it/1sbg15g5aodf1.png?width=3229&format=png&auto=webp&s=c05f1c6d955a9b7fa0da00a3bcc517cf4210662a

---

#**Daily Box Office(July 18th 2025)**

The market hits ¥133M/$18.5M which is up +76% from yesterday and up +78% from last week.

**[Dead To Rights](https://vod.pipi.cn/fec9203cvodtransbj1251246104/e583f75e5145403692378081331/v.f42905.mp4)** got a new trailer head of its previews this weekend.



---

**Province map of the day:**",boxoffice,,,278
1lplfj2,"New MPA/CARA Ratings and Reasons For the Week of Wednesday July 2, 2025.","G

1.	**Order Up (SHORT SUBJECT) (ANIMATED)** Paramount Pictures Corporation

_________________________________________________________________________________________________________________________

PG

2.	**Dot Conner: Webtective** (for some action/violence and thematic elements.) Huff Media Productions

3.	**Freakier Friday** (for thematic elements, rude humor, language and some suggestive references.) Walt Disney Studios Motion Pictures

4.","New MPA/CARA Ratings and Reasons For the Week of Wednesday July 2, 2025.

G

1.	**Order Up (SHORT SUBJECT) (ANIMATED)** Paramount Pictures Corporation

_________________________________________________________________________________________________________________________

PG

2.	**Dot Conner: Webtective** (for some action/violence and thematic elements.) Huff Media Productions

3.	**Freakier Friday** (for thematic elements, rude humor, language and some suggestive references.) Walt Disney Studios Motion Pictures

4.",movies,,,61
1my3g02,Warner Bros.'s Superman has passed the $600M global mark. Estimated international total through Friday stands at $256.4M. Estimated global total through Friday stands at $600.9M.,,"Warner Bros.'s Superman has passed the $600M global mark. Estimated international total through Friday stands at $256.4M. Estimated global total through Friday stands at $600.9M.

",boxoffice,,,145
1lt3iv1,Universal's Jurassic World Rebirth debuted with an estimated $171.0M internationally. Estimated global total through Sunday stands at $318.3M.,,"Universal's Jurassic World Rebirth debuted with an estimated $171.0M internationally. Estimated global total through Sunday stands at $318.3M.

",boxoffice,,,352
1lwuvsq,Official Discussion Megathread (Superman) plus Throwback Discussions!,"**New In Theaters**:

* [Superman (2025)](https://old.reddit.com/r/movies/comments/1lwutny/official_discussion_superman_2025_spoilers/?)

**25th Anniversary Throwback Discussion Threads**:

* [Scary Movie](https://old.reddit.com/r/movies/comments/1lwutxk/official_throwback_discussion_scary_movie_spoilers/?)
* [Disney's The Kid](https://old.reddit.com/r/movies/comments/1lwutyi/official_throwback_discussion_disneys_the_kid/?)
* [But I'm a Cheerleader](https://old.reddit.","Official Discussion Megathread (Superman) plus Throwback Discussions!

**New In Theaters**:

* [Superman (2025)](https://old.reddit.com/r/movies/comments/1lwutny/official_discussion_superman_2025_spoilers/?)

**25th Anniversary Throwback Discussion Threads**:

* [Scary Movie](https://old.reddit.com/r/movies/comments/1lwutxk/official_throwback_discussion_scary_movie_spoilers/?)
* [Disney's The Kid](https://old.reddit.com/r/movies/comments/1lwutyi/official_throwback_discussion_disneys_the_kid/?)
* [But I'm a Cheerleader](https://old.reddit.",movies,,,29
1mwkmg0,"Warner Bros.'s Superman grossed $651K on Wednesday (from 2,655 locations), which was a 33% decrease from the previous Wednesday.  Total domestic gross stands at $343.01M.",,"Warner Bros.'s Superman grossed $651K on Wednesday (from 2,655 locations), which was a 33% decrease from the previous Wednesday.  Total domestic gross stands at $343.01M.

",boxoffice,,,163
1m4qpz4,"Jurassic World Rebirth smashed $600M at the global box office this weekend, tracking to break $700M next weekend, then $800M too! Now ranks as the #1 US movie in China this year with $71.8M. 3rd weekend results: Domestic- $23.4M/$276.2M; International - $40.3M/$371.8M; Global - $63.7M/$648M.",,"Jurassic World Rebirth smashed $600M at the global box office this weekend, tracking to break $700M next weekend, then $800M too! Now ranks as the #1 US movie in China this year with $71.8M. 3rd weekend results: Domestic- $23.4M/$276.2M; International - $40.3M/$371.8M; Global - $63.7M/$648M.

",boxoffice,,,320
1my51cn,James Gunn's masterplan,,"James Gunn's masterplan

",DC_Cinematic,,,621
1m9ab4f,Fantastic Four: First Steps has a 70% definite recommend score from the general audience (what is normally reported) as well as from kids. 70% of the audience was under-35,,"Fantastic Four: First Steps has a 70% definite recommend score from the general audience (what is normally reported) as well as from kids. 70% of the audience was under-35

",boxoffice,,,445
1m9im5g,"Looks like $32M+ FRI for Fantastic Four , giving it $56.5M opening day. Headed for $120M weekend.",,"Looks like $32M+ FRI for Fantastic Four , giving it $56.5M opening day. Headed for $120M weekend.

",boxoffice,,,521
1m29u5o,"$11.75M WED for Superman . THU outlook seems great. Week 1 will be $177M+ with a ""super"" weekdays' trend. Expecting $55M+ 2nd weekend for $230M+ by SUN.",,"$11.75M WED for Superman . THU outlook seems great. Week 1 will be $177M+ with a ""super"" weekdays' trend. Expecting $55M+ 2nd weekend for $230M+ by SUN.

",boxoffice,,,174
1lur6sz,"$1M CLUB: MONDAY 

1. JURASSIC WORLD: REBIRTH ($11.5M)
2. F1 ($3.4M)
3. HOW TO TRAIN YOUR DRAGON ($1.7M)",,"$1M CLUB: MONDAY 

1. JURASSIC WORLD: REBIRTH ($11.5M)
2. F1 ($3.4M)
3. HOW TO TRAIN YOUR DRAGON ($1.7M)

",boxoffice,,,344
1lwf0y9,"$1M CLUB: WEDNESDAY 

1. JURASSIC WORLD: REBIRTH ($10M)
2. F1 ($3.8M)
3. HOW TO TRAIN YOUR DRAGON ($1.8M)
4. ELIO ($1.1M)",,"$1M CLUB: WEDNESDAY 

1. JURASSIC WORLD: REBIRTH ($10M)
2. F1 ($3.8M)
3. HOW TO TRAIN YOUR DRAGON ($1.8M)
4. ELIO ($1.1M)

",boxoffice,,,335
1m6goot,"$1M CLUB: MONDAY

1. SUPERMAN ($6.8M)
2. JURASSIC WORLD REBIRTH ($2.7M)
3. I KNOW WHAT YOU DID LAST SUMMER ($1.3M)
4. SMURFS ($1.25M)
4. F1 ($1.25M)",,"$1M CLUB: MONDAY

1. SUPERMAN ($6.8M)
2. JURASSIC WORLD REBIRTH ($2.7M)
3. I KNOW WHAT YOU DID LAST SUMMER ($1.3M)
4. SMURFS ($1.25M)
4. F1 ($1.25M)

",boxoffice,,,306
1m7do4w,James Gunn debunks the report that he hates ‘Black Adam’ & ‘Shazam: Fury of the Gods’,,"James Gunn debunks the report that he hates ‘Black Adam’ & ‘Shazam: Fury of the Gods’

",DC_Cinematic,,,622
1merrvf,How Will 'Bad Guys 2' and 'Naked Gun' Fare Against 'Fantastic Four' at the Box Office? (TheWrap),,"How Will 'Bad Guys 2' and 'Naked Gun' Fare Against 'Fantastic Four' at the Box Office? (TheWrap)

",boxoffice,,,548
1mm8p2w,"BO Vietnam (irregular) update: My Daughter is a Zombie failed to impress, F1 resurged and Fantastic Four crawled past Superman's total.",[All numbers taken from Box Office Vietnam.](https://boxofficevietnam.com/#1543824640421-b2da3547-7e34),"BO Vietnam (irregular) update: My Daughter is a Zombie failed to impress, F1 resurged and Fantastic Four crawled past Superman's total.

[All numbers taken from Box Office Vietnam.](https://boxofficevietnam.com/#1543824640421-b2da3547-7e34)",boxoffice,,,551
1lxued1,🇨🇳 Superman open with 6.9 on Douban,,"🇨🇳 Superman open with 6.9 on Douban

",boxoffice,,,208
1lvz75x,"James Gunn says David Corenswet would ask ""one question too many"" on the SUPERMAN set: ""And when I say, ‘David, shut the f*ck up,’ David gets it and does not take that personally... many actors are incredibly sensitive. David, he’s not that way.""",,"James Gunn says David Corenswet would ask ""one question too many"" on the SUPERMAN set: ""And when I say, ‘David, shut the f*ck up,’ David gets it and does not take that personally... many actors are incredibly sensitive. David, he’s not that way.""

",DC_Cinematic,,,626
1lxu3yv,🇮🇹 Italian box office Friday July 11,"Source:

https://cineguru.screenweek.it/2025/07/superman-vola-oltre-1m-il-box-office-di-venerdi-11-luglio-46650/","🇮🇹 Italian box office Friday July 11

Source:

https://cineguru.screenweek.it/2025/07/superman-vola-oltre-1m-il-box-office-di-venerdi-11-luglio-46650/",boxoffice,,,274
1n1qfl9,Saw this on Instagram.  A cool little visual nod to this moment from Johns’s Superman: Brainiac in the new movie.,,"Saw this on Instagram.  A cool little visual nod to this moment from Johns’s Superman: Brainiac in the new movie.

",DC_Cinematic,,,583
1mqdv1o,"Disney’s Fantastic Four: First Steps grossed $1.66M on Wednesday (from 3,600 locations).  Total domestic gross stands at $236.75M.",,"Disney’s Fantastic Four: First Steps grossed $1.66M on Wednesday (from 3,600 locations).  Total domestic gross stands at $236.75M.

",boxoffice,,,404
1m7aejr,"From WIRED interview: What is Clark Kent's middle name? David Corenswet says ""Danger"", Rachel Brosnahan says ""Justin"", James Gunn says ""W"", and the correct answer is ""Joseph""","Source: [https://youtu.be/vGQnqnKT06U](https://youtu.be/vGQnqnKT06U) 

WIRED: ""Superman Cast Answer The 50 Most Googled Superman Questions""","From WIRED interview: What is Clark Kent's middle name? David Corenswet says ""Danger"", Rachel Brosnahan says ""Justin"", James Gunn says ""W"", and the correct answer is ""Joseph""

Source: [https://youtu.be/vGQnqnKT06U](https://youtu.be/vGQnqnKT06U) 

WIRED: ""Superman Cast Answer The 50 Most Googled Superman Questions""",DC_Cinematic,,,642
1m12duc,Can Japan’s ‘Demon Slayer’ franchise repeat its record-breaking success?,"Full text:



**By Matt Schley | 16 July 2025*""


**At the Japan box office this weekend, all eyes will be on the performance of one title – Demon Slayer: Kimetsu no Yaiba – The Movie: Infinity Castle.**

Not only will the animated feature kick off a highly-anticipated trilogy of films, it will also follow up Japan’s highest-grossing film of all time, Demon Slayer: Kimetsu no Yaiba – The Movie: Mugen Train.","Can Japan’s ‘Demon Slayer’ franchise repeat its record-breaking success?

Full text:



**By Matt Schley | 16 July 2025*""


**At the Japan box office this weekend, all eyes will be on the performance of one title – Demon Slayer: Kimetsu no Yaiba – The Movie: Infinity Castle.**

Not only will the animated feature kick off a highly-anticipated trilogy of films, it will also follow up Japan’s highest-grossing film of all time, Demon Slayer: Kimetsu no Yaiba – The Movie: Mugen Train.",boxoffice,,,277
1mijphj,"Universal's Jurassic World Rebirth grossed $1.15M on Monday (from 3,240 locations), which was a 28% decrease from the previous Monday. Total domestic gross stands at $318.83M.",,"Universal's Jurassic World Rebirth grossed $1.15M on Monday (from 3,240 locations), which was a 28% decrease from the previous Monday. Total domestic gross stands at $318.83M.

",boxoffice,,,381
1m1x4k6,"Superman took the top spot with $11.31M for its opening week in Australia. 🦘 Jurassic World Rebirth landed the 2nd spot with $8.51M in its second week in cinemas, bringing the box office total to $21.72M. 🐨 F1 The Movie is in the 3rd spot with $4.13M, bringing the box office total to $21.43M.","Source:

https://numero.co/reports/2025/07/17/superman-soars-to-top-spot-in-australia","Superman took the top spot with $11.31M for its opening week in Australia. 🦘 Jurassic World Rebirth landed the 2nd spot with $8.51M in its second week in cinemas, bringing the box office total to $21.72M. 🐨 F1 The Movie is in the 3rd spot with $4.13M, bringing the box office total to $21.43M.

Source:

https://numero.co/reports/2025/07/17/superman-soars-to-top-spot-in-australia",boxoffice,,,104
1lvhqej,'Superman' Rotten Tomatoes Verified Audience Score Thread,"I will continue to update this post as the score changes.

**Rotten Tomatoes Popcornmeter:** Verified Hot

**Audience Says:** James Gunn brings back a timeless hero with *Superman* \-- and gifts us a four-legged scene-stealer we can all rally behind.

|Audience|Score|**Number of Reviews**|**Average Rating**|
|:-|:-|:-|:-|
|**Verified Audience**|92%|10,000+|4.5/5|
|**All Audience**|89%|25,000+|4.4/5|

**Verified Audience Score History:**

* 95% (4.7/5) at 500+
* 96% (4.","'Superman' Rotten Tomatoes Verified Audience Score Thread

I will continue to update this post as the score changes.

**Rotten Tomatoes Popcornmeter:** Verified Hot

**Audience Says:** James Gunn brings back a timeless hero with *Superman* \-- and gifts us a four-legged scene-stealer we can all rally behind.

|Audience|Score|**Number of Reviews**|**Average Rating**|
|:-|:-|:-|:-|
|**Verified Audience**|92%|10,000+|4.5/5|
|**All Audience**|89%|25,000+|4.4/5|

**Verified Audience Score History:**

* 95% (4.7/5) at 500+
* 96% (4.",boxoffice,,,114
1mk1g57,James Gunn to Direct 'Superman' Sequel: 'Next Movie in Super-Family',,"James Gunn to Direct 'Superman' Sequel: 'Next Movie in Super-Family'

",DC_Cinematic,,,598
1m3z4p3,James Gunn comments on Batman wearing a “comic accurate” costume in the DCU,,"James Gunn comments on Batman wearing a “comic accurate” costume in the DCU

",DC_Cinematic,,,606
1mapjt7,"Opening weekend demo comparisons for The Fantastic Four: First Steps & Superman

The Fantastic Four
42% Under 25 / 58% Over 25
68% Male / 32% Female

Superman
28% Under 25 / 72% Over 25
65% Male / 35% Female",,"Opening weekend demo comparisons for The Fantastic Four: First Steps & Superman

The Fantastic Four
42% Under 25 / 58% Over 25
68% Male / 32% Female

Superman
28% Under 25 / 72% Over 25
65% Male / 35% Female

",boxoffice,,,457
1m2en18,"James Gunn’s ‘Superman’ Fuels Renewed Interest In ‘Man Of Steel’ (+212%), ‘Peacemaker’ (+91%), & More DC Titles On HBO Max",,"James Gunn’s ‘Superman’ Fuels Renewed Interest In ‘Man Of Steel’ (+212%), ‘Peacemaker’ (+91%), & More DC Titles On HBO Max

",DC_Cinematic,,,619
1mpe8mu,"Paramount’s Movie Priorities Under New Skydance Owners Include ‘Top Gun 3’, ‘Star Trek’ & More",,"Paramount’s Movie Priorities Under New Skydance Owners Include ‘Top Gun 3’, ‘Star Trek’ & More

",movies,,,7
1m18wit,"Why is the fact that Superman is doing poorly in international markets leading so many people to think that the same will happen to The Fantastic Four: First Steps, despite the fact that no MCU movie has grossed more domestically than internationally, apart from the two Black Panther movies?","Superman grossed $220M in its opening weekend, including $125M domestically and $95M internationally. So it made almost 57% of its box office domestically and just over 43% internationally. It's definitely more domestic-heavy than most CBMs, even just those released in the last two or three years. MCU movies, while now much more domestic-heavy than they were in 2017-2019 (where they often made 35 to 40% of their box office in the domestic market and all the rest internationally, with China often","Why is the fact that Superman is doing poorly in international markets leading so many people to think that the same will happen to The Fantastic Four: First Steps, despite the fact that no MCU movie has grossed more domestically than internationally, apart from the two Black Panther movies?

Superman grossed $220M in its opening weekend, including $125M domestically and $95M internationally. So it made almost 57% of its box office domestically and just over 43% internationally. It's definitely more domestic-heavy than most CBMs, even just those released in the last two or three years. MCU movies, while now much more domestic-heavy than they were in 2017-2019 (where they often made 35 to 40% of their box office in the domestic market and all the rest internationally, with China often",boxoffice,,,89
1mhq5lf,Fantastic Four Ranks #7 on The Top 10 Worst 2nd Weekend Drops for the MCU,"1.The Marvels-78.1%  (46.1 Mil/10.1 Mil) (84.1 Domestic finish)



2.Ant Man 3-69.9%   (106.1 Mil/31.9 Mil) (214.5 Domestic Finish)



3.Captain America: Brave New World-68.3% (88.8 Mil/28.1 Mil) (200.5 Domestic finish)



4. Black Widow-67.8% (80.3 Mil/25.8 Mil) (183.6 Domestic Finish)



5.Thor: Love & Thunder-67.7% (144.1 Mil/46.6 Mil) (343.2 Domestic Finish)



6.Spider-Man No Way Home-67.5% (260.1 Mil/84.5 Mil) (804.7 Domestic Finish)



7.","Fantastic Four Ranks #7 on The Top 10 Worst 2nd Weekend Drops for the MCU

1.The Marvels-78.1%  (46.1 Mil/10.1 Mil) (84.1 Domestic finish)



2.Ant Man 3-69.9%   (106.1 Mil/31.9 Mil) (214.5 Domestic Finish)



3.Captain America: Brave New World-68.3% (88.8 Mil/28.1 Mil) (200.5 Domestic finish)



4. Black Widow-67.8% (80.3 Mil/25.8 Mil) (183.6 Domestic Finish)



5.Thor: Love & Thunder-67.7% (144.1 Mil/46.6 Mil) (343.2 Domestic Finish)



6.Spider-Man No Way Home-67.5% (260.1 Mil/84.5 Mil) (804.7 Domestic Finish)



7.",boxoffice,,,501
1m4d7xw,Jurassic World Rebirth Saturday - 9.5M - Charlie Jatinder,,"Jurassic World Rebirth Saturday - 9.5M - Charlie Jatinder

",boxoffice,,,355
1mdua1m,"The Fantastic Four: First Steps claimed the top spot at the Australia box office in its opening week, earning $8.80M. 🦘 Superman is in 2nd place in its third week, bringing its cumulative total to $20.98M.","Source:

https://numero.co/reports/2025/07/31/the-fantastic-four-first-steps-debuts-at-no-1-in-australia","The Fantastic Four: First Steps claimed the top spot at the Australia box office in its opening week, earning $8.80M. 🦘 Superman is in 2nd place in its third week, bringing its cumulative total to $20.98M.

Source:

https://numero.co/reports/2025/07/31/the-fantastic-four-first-steps-debuts-at-no-1-in-australia",boxoffice,,,487
1m0tb82,Long Range Forecast: 'The Fantastic Four: First Steps' Domestic Opening Weekend Range: $100M – $125M,,"Long Range Forecast: 'The Fantastic Four: First Steps' Domestic Opening Weekend Range: $100M – $125M

",boxoffice,,,395
1lu7yqx,‘Jurassic World Rebirth’ Has Bigger Boom In Global Opening With $322.5M: How Universal Pulled It Off,,"‘Jurassic World Rebirth’ Has Bigger Boom In Global Opening With $322.5M: How Universal Pulled It Off

",boxoffice,,,340
1ma04ig,Comparing Fantastic Four to other MCU debuts (DOM),"While there's a lot of talk about FF not doing well compared to the MCU opening average, I think that metric is an improper comparrision. After all, the Avengers movies alone throw the whole thing off. 

What should be looked at is how the FF compares to each ""debut"" movie - the first movie in an MCU franchise. When you look at that, FF is doing pretty good.","Comparing Fantastic Four to other MCU debuts (DOM)

While there's a lot of talk about FF not doing well compared to the MCU opening average, I think that metric is an improper comparrision. After all, the Avengers movies alone throw the whole thing off. 

What should be looked at is how the FF compares to each ""debut"" movie - the first movie in an MCU franchise. When you look at that, FF is doing pretty good.",boxoffice,,,518
1lzzw6a,5 Reasons Why James Gunn's Superman Soared At The Box Office,,"5 Reasons Why James Gunn's Superman Soared At The Box Office

",boxoffice,,,140
1mcsf9v,"Box Office Weekend Forecast: THE FANTASTIC FOUR: FIRST STEPS ($46.2M, –61%) Looks to Fend Off THE BAD GUYS 2 ($21M) and THE NAKED GUN ($15.5M); Will TOGETHER ($3.9M 3-day, $6M 5-day) Attract Horror Aficionados?",,"Box Office Weekend Forecast: THE FANTASTIC FOUR: FIRST STEPS ($46.2M, –61%) Looks to Fend Off THE BAD GUYS 2 ($21M) and THE NAKED GUN ($15.5M); Will TOGETHER ($3.9M 3-day, $6M 5-day) Attract Horror Aficionados?

",boxoffice,,,428
1m1jaw9,John Malkovich’s Red Ghost Cut From ‘Fantastic Four: First Steps’,,"John Malkovich’s Red Ghost Cut From ‘Fantastic Four: First Steps’

",movies,,,43
1m5x72o,'Avatar: Fire and Ash' Trailer to Play in Theaters Before 'The Fantastic Four: First Steps',,"'Avatar: Fire and Ash' Trailer to Play in Theaters Before 'The Fantastic Four: First Steps'

",movies,,,42
1lwt052,"Saving A Studio? This Looks Like A Job For “Superman”! - In Addition To Reinvigorating DC Brand, WarnerDiscovery Executives Want New $225M Reboot Film To Gross More Than $500M Globally. James Gunn's & Peter Safran's Goal Isn’t Just Consistent Success, But Having More Narrative Unity Across Mediums.",,"Saving A Studio? This Looks Like A Job For “Superman”! - In Addition To Reinvigorating DC Brand, WarnerDiscovery Executives Want New $225M Reboot Film To Gross More Than $500M Globally. James Gunn's & Peter Safran's Goal Isn’t Just Consistent Success, But Having More Narrative Unity Across Mediums.

",boxoffice,,,73
1lxz5m0,Was Superman overpredicted on this subreddit big-time?,"So with Superman doing medicore at the international box-office this weekend, I come to a conclusion that Superman was an overpredicted movie on this subreddit, even going back to when it was first announced. And it's clear why it was a overpredicted movie on this subreddit.

Despite James Gunn doing the Guardians of the Galaxy films which did very well not because of Gunn but because it's Marvel and some of the cast members behind it (Chris Pratt was coming off of Parks & Recreation, plus The","Was Superman overpredicted on this subreddit big-time?

So with Superman doing medicore at the international box-office this weekend, I come to a conclusion that Superman was an overpredicted movie on this subreddit, even going back to when it was first announced. And it's clear why it was a overpredicted movie on this subreddit.

Despite James Gunn doing the Guardians of the Galaxy films which did very well not because of Gunn but because it's Marvel and some of the cast members behind it (Chris Pratt was coming off of Parks & Recreation, plus The",boxoffice,,,167
1m8ad67,In China Fantastic Four starts its run with $150k from midnight screenings. Projected a $2.1-2.6M opening day into a $6.5-9M opening weekend. The Lychee Road leads on THU with $4.02M/$48.88M. Dead To Rights in 2nd adds $3.17M/$13.74M on its last previews day. Projected a $40M+ opening with previews.,"https://preview.redd.it/d5qnlddcvuef1.png?width=3200&format=png&auto=webp&s=a3a6e699dc9a4b2b661b66f75f016b7dd56c3f97

---

#**Daily Box Office(July 24th 2025)**

The market hits ¥104M/$14.5M which is up +2% from yesterday and up +37% from last week. 


**731** continues to soar in the Maoyan anticipation rankings. Increaes by a hefty 100k today overtaking Avatar 2 and climbing to 6th of all time. Now behind only 3 fan driven romance movies, Endgame and Detective Chinatown 3.","In China Fantastic Four starts its run with $150k from midnight screenings. Projected a $2.1-2.6M opening day into a $6.5-9M opening weekend. The Lychee Road leads on THU with $4.02M/$48.88M. Dead To Rights in 2nd adds $3.17M/$13.74M on its last previews day. Projected a $40M+ opening with previews.

https://preview.redd.it/d5qnlddcvuef1.png?width=3200&format=png&auto=webp&s=a3a6e699dc9a4b2b661b66f75f016b7dd56c3f97

---

#**Daily Box Office(July 24th 2025)**

The market hits ¥104M/$14.5M which is up +2% from yesterday and up +37% from last week. 


**731** continues to soar in the Maoyan anticipation rankings. Increaes by a hefty 100k today overtaking Avatar 2 and climbing to 6th of all time. Now behind only 3 fan driven romance movies, Endgame and Detective Chinatown 3.",boxoffice,,,247
1n2h64s,I really want the Supergirl movie to start the exact same way as Superman,"With the only exception being that instead of landing and calling for Krypto after a fight, it's because she's absolutely wasted and can no longer stand properly.","I really want the Supergirl movie to start the exact same way as Superman

With the only exception being that instead of landing and calling for Krypto after a fight, it's because she's absolutely wasted and can no longer stand properly.",DC_Cinematic,,,581
1mgzgte,Superman box office trajectory compared with other DC movies,,"Superman box office trajectory compared with other DC movies

",boxoffice,,,66
1m5x5mu,Friendship is simply Tim Robinson being dropped into a tense A24 family drama movie and reacting to it,"It was dark and impactful, while remaining ridiculously funny throughout. Tim Robinson's casting was inspired. 

It was not the type of movie I was expecting, to say the least. So surreal and unpredictable. A really cool modern fresh tone, as well. It didn't feel like some Apatow rip off, for example. I mean, I was expecting it to be flipping weird, because it's Robinson, but boy did he still surprise me. 

Andrew DeYoung, genius! A writer director we should all be keeping an eye on.","Friendship is simply Tim Robinson being dropped into a tense A24 family drama movie and reacting to it

It was dark and impactful, while remaining ridiculously funny throughout. Tim Robinson's casting was inspired. 

It was not the type of movie I was expecting, to say the least. So surreal and unpredictable. A really cool modern fresh tone, as well. It didn't feel like some Apatow rip off, for example. I mean, I was expecting it to be flipping weird, because it's Robinson, but boy did he still surprise me. 

Andrew DeYoung, genius! A writer director we should all be keeping an eye on.",movies,,,11
1ly3kp6,"Poor increase for Superman on Saturday, with Sunday presales dropping more than 50%, it's highly unlikely to surpass ￥100M / $14M total, that's shockingly low even in the context of Hollywood recession in China",,"Poor increase for Superman on Saturday, with Sunday presales dropping more than 50%, it's highly unlikely to surpass ￥100M / $14M total, that's shockingly low even in the context of Hollywood recession in China

",boxoffice,,,215
1m92icn,"Brazil: Fantastic Four pulls anither R$4.7M on thursday, opening weekend to be of R$27M+. Superman holds 50% compared to last week.",,"Brazil: Fantastic Four pulls anither R$4.7M on thursday, opening weekend to be of R$27M+. Superman holds 50% compared to last week.

",boxoffice,,,543
1mrww3g,"Disney's The Fantastic Four: First Steps grossed an estimated $2.40M on Friday (from 3,355 locations). Estimated total domestic gross stands at $240.64M.",,"Disney's The Fantastic Four: First Steps grossed an estimated $2.40M on Friday (from 3,355 locations). Estimated total domestic gross stands at $240.64M.

",boxoffice,,,430
1lyn07u,"France Saturday: Jurassic World holds the top spot, while Superman stays in second place for the third consecutive day.",,"France Saturday: Jurassic World holds the top spot, while Superman stays in second place for the third consecutive day.

",boxoffice,,,334
1mmqc4b,Unpopular opinion: there has never been a single CW lead that could stand up in that same role in a feature film.,"I keep seeing people say Grant Gustin should be Flash in the DCU.

But in my opinion, there isn’t a single Arrowverse or Smallville performance that could stand up as a film counterpart.

Tom Welling as Clark is a good example. Growing up I loved Smallville and it was long rumoured that Welling would play Superman in a Superman movie after Returns flopped.","Unpopular opinion: there has never been a single CW lead that could stand up in that same role in a feature film.

I keep seeing people say Grant Gustin should be Flash in the DCU.

But in my opinion, there isn’t a single Arrowverse or Smallville performance that could stand up as a film counterpart.

Tom Welling as Clark is a good example. Growing up I loved Smallville and it was long rumoured that Welling would play Superman in a Superman movie after Returns flopped.",DC_Cinematic,,,588
1m5qe0q,James Gunn confirms 'Wonder Woman' writer news,,"James Gunn confirms 'Wonder Woman' writer news

",DC_Cinematic,,,624
1lt7un8,James Gunn says these 3 moments don't need to be seen again in a CBM: “I don’t need to see pearls in a back alley when Batman’s parents are killed. I don’t need to see the radioactive spider biting Spider-Man. I don’t need to see baby Kal coming from Krypton in a little baby rocket.” Agree/disagree?,,"James Gunn says these 3 moments don't need to be seen again in a CBM: “I don’t need to see pearls in a back alley when Batman’s parents are killed. I don’t need to see the radioactive spider biting Spider-Man. I don’t need to see baby Kal coming from Krypton in a little baby rocket.” Agree/disagree?

",DC_Cinematic,,,604
1m5x7lu,"Among DC films, Superman (2025) had the 20th best second weekend drop (13th best if you exclude previews).","Note: 

Batman: Mask of the Phantasm actually increased in the second weekend. That's why it shows as a negative percentage.

I could not confirm whether some films had previews and early access. So in those cases for the ""Second Weekend drop excluding previews"" data, I just used the full opening weekend numbers.  This missing data shouldn't be too important since most of the films that had missing data either had midweek openings or released back when previews didn't make much money.","Among DC films, Superman (2025) had the 20th best second weekend drop (13th best if you exclude previews).

Note: 

Batman: Mask of the Phantasm actually increased in the second weekend. That's why it shows as a negative percentage.

I could not confirm whether some films had previews and early access. So in those cases for the ""Second Weekend drop excluding previews"" data, I just used the full opening weekend numbers.  This missing data shouldn't be too important since most of the films that had missing data either had midweek openings or released back when previews didn't make much money.",boxoffice,,,177
1m91fcz,‘Fantastic Four: First Steps’ Fires Up Thursday Night With $24.4M In Previews – Box Office Update,,"‘Fantastic Four: First Steps’ Fires Up Thursday Night With $24.4M In Previews – Box Office Update

",boxoffice,,,420
1m6iglo,Excellent acceleration on The Fantastic Four: First Steps sales in the last 24 hours. Looking at a $135m+ opening weekend and won't be shocked if it goes higher as positive word of mouth spreads. Marvel Studios and Disney rolling.,,"Excellent acceleration on The Fantastic Four: First Steps sales in the last 24 hours. Looking at a $135m+ opening weekend and won't be shocked if it goes higher as positive word of mouth spreads. Marvel Studios and Disney rolling.

",boxoffice,,,409
1lyqi38,🇨🇳 China Box Office July 13: Superman Movie debuted this weekend in China with est. ¥48M ($6.7M). Today it fell to 7th place with ¥12M/ $1.67M. Lifetime gross Box Office Projection $10M.,,"🇨🇳 China Box Office July 13: Superman Movie debuted this weekend in China with est. ¥48M ($6.7M). Today it fell to 7th place with ¥12M/ $1.67M. Lifetime gross Box Office Projection $10M.

",boxoffice,,,83
1lxqafn,Superman gets an A- Cinemascore - First DC movie since The Batman to get an above B score and same as Man of Steel and Aquaman1,,"Superman gets an A- Cinemascore - First DC movie since The Batman to get an above B score and same as Man of Steel and Aquaman1

",DC_Cinematic,,,572
1ly1l1y,"Universal's Jurassic World Rebirth passed the $200M domestic mark on Friday. The film grossed an estimated $11.37M on Friday (from 4,324 locations). Estimated total domestic gross stands at $203.48M.",,"Universal's Jurassic World Rebirth passed the $200M domestic mark on Friday. The film grossed an estimated $11.37M on Friday (from 4,324 locations). Estimated total domestic gross stands at $203.48M.

",boxoffice,,,331
1mnmc6w,"Disney's The Fantastic Four: First Steps grossed $15.78M this weekend (from 3,600 locations). Total domestic gross stands at $230.70M. Daily Grosses: FRI - $4.531M; SAT - $6.451M; SUN - $4.803M.",,"Disney's The Fantastic Four: First Steps grossed $15.78M this weekend (from 3,600 locations). Total domestic gross stands at $230.70M. Daily Grosses: FRI - $4.531M; SAT - $6.451M; SUN - $4.803M.

",boxoffice,,,424
1mfrqwz,"Can Supergirl, Spider-Man: Brand New Day, or Avengers: Doomsday break the recent trend of international underperformances for superhero movies?","With this year’s offerings from the MCU and new DCU starting to rebound critically from a poor start in Captain America: Brave New World, this encouraging sign has been clashing with the fact that none of them have met the expectations of many trackers and fans. Even Superman, likely the best performing one after proving to have solid legs, will likely be finishing in the $600M range.

Now, we’ve discussed to death the reasons behind this.","Can Supergirl, Spider-Man: Brand New Day, or Avengers: Doomsday break the recent trend of international underperformances for superhero movies?

With this year’s offerings from the MCU and new DCU starting to rebound critically from a poor start in Captain America: Brave New World, this encouraging sign has been clashing with the fact that none of them have met the expectations of many trackers and fans. Even Superman, likely the best performing one after proving to have solid legs, will likely be finishing in the $600M range.

Now, we’ve discussed to death the reasons behind this.",boxoffice,,,79
